split,image,augmented_from,identity,class_id,source_file,row,x_center,y_center,width,height,detector_confidence,frame_seed
train,train/images/train_0000.jpg,,2336,2,2336/172736.jpg,front,0.287897,0.63222,0.129705,0.228501,0.9391,47-0-0-0
train,train/images/train_0000.jpg,,7,3,7/020284.jpg,front,0.794951,0.642625,0.128621,0.212797,0.9402,47-0-0-0
train,train/images/train_0000.jpg,,4428,4,4428/053931.jpg,back,0.509449,0.422032,0.098916,0.183085,0.9387,47-0-0-0
train,train/images/train_0000.jpg,,2970,1,2970/023824.jpg,back,0.059791,0.427052,0.101704,0.184047,0.9259,47-0-0-0
train,train/images/train_0000_aug1.jpg,train_0000,2336,2,2336/172736.jpg,front,0.318365,0.635775,0.130328,0.233723,,47-0-0-0
train,train/images/train_0000_aug1.jpg,train_0000,7,3,7/020284.jpg,front,0.825174,0.692529,0.129176,0.217697,,47-0-0-0
train,train/images/train_0000_aug1.jpg,train_0000,4428,4,4428/053931.jpg,back,0.551027,0.441211,0.099432,0.187246,,47-0-0-0
train,train/images/train_0000_aug1.jpg,train_0000,2970,1,2970/023824.jpg,back,0.100843,0.405436,0.102215,0.18824,,47-0-0-0
train,train/images/train_0000_aug2.jpg,train_0000,2336,2,2336/172736.jpg,front,0.310541,0.632533,0.131313,0.219786,,47-0-0-0
train,train/images/train_0000_aug2.jpg,train_0000,7,3,7/020284.jpg,front,0.823766,0.649657,0.130214,0.204681,,47-0-0-0
train,train/images/train_0000_aug2.jpg,train_0000,4428,4,4428/053931.jpg,back,0.5364,0.433472,0.100144,0.176102,,47-0-0-0
train,train/images/train_0000_aug2.jpg,train_0000,2970,1,2970/023824.jpg,back,0.081163,0.43199,0.102966,0.177028,,47-0-0-0
train,train/images/train_0001.jpg,,2970,1,2970/040067.jpg,front,0.294692,0.751006,0.123976,0.211778,0.9308,47-0-1-0
train,train/images/train_0001.jpg,,7007,0,7007/035390.jpg,front,0.789622,0.725413,0.121078,0.228714,0.9294,47-0-1-0
train,train/images/train_0001.jpg,,2336,2,2336/180676.jpg,back,0.556109,0.533079,0.105333,0.187702,0.928,47-0-1-0
train,train/images/train_0001.jpg,,7,3,7/038132.jpg,back,0.103425,0.542958,0.112645,0.183955,0.9357,47-0-1-0
train,train/images/train_0001_aug1.jpg,train_0001,2970,1,2970/040067.jpg,front,0.745895,0.750706,0.112593,0.241642,,47-0-1-0
train,train/images/train_0001_aug1.jpg,train_0001,7007,0,7007/035390.jpg,front,0.300286,0.782158,0.110293,0.260876,,47-0-1-0
train,train/images/train_0001_aug1.jpg,train_0001,2336,2,2336/180676.jpg,back,0.492633,0.534539,0.095779,0.214134,,47-0-1-0
train,train/images/train_0001_aug1.jpg,train_0001,7,3,7/038132.jpg,back,0.899021,0.490365,0.102186,0.209937,,47-0-1-0
train,train/images/train_0001_aug2.jpg,train_0001,2970,1,2970/040067.jpg,front,0.319583,0.709076,0.106214,0.209316,,47-0-1-0
train,train/images/train_0001_aug2.jpg,train_0001,7007,0,7007/035390.jpg,front,0.741281,0.736521,0.103953,0.225976,,47-0-1-0
train,train/images/train_0001_aug2.jpg,train_0001,2336,2,2336/180676.jpg,back,0.556551,0.521937,0.090317,0.185488,,47-0-1-0
train,train/images/train_0001_aug2.jpg,train_0001,7,3,7/038132.jpg,back,0.171791,0.483489,0.096424,0.181853,,47-0-1-0
train,train/images/train_0002.jpg,,7007,0,7007/099068.jpg,front,0.209161,0.717584,0.091673,0.178854,0.9146,47-0-2-0
train,train/images/train_0002.jpg,,4428,4,4428/094613.jpg,front,0.720008,0.700374,0.100516,0.185838,0.9275,47-0-2-0
train,train/images/train_0002.jpg,,7,3,7/140464.jpg,back,0.455864,0.578381,0.090745,0.160264,0.9429,47-0-2-0
train,train/images/train_0002.jpg,,2970,1,2970/053704.jpg,back,0.073397,0.558428,0.093876,0.164997,0.9316,47-0-2-0
train,train/images/train_0002_aug1.jpg,train_0002,7007,0,7007/099068.jpg,front,0.261595,0.754002,0.080975,0.153272,,47-0-2-0
train,train/images/train_0002_aug1.jpg,train_0002,4428,4,4428/094613.jpg,front,0.709305,0.693357,0.088734,0.159282,,47-0-2-0
train,train/images/train_0002_aug1.jpg,train_0002,7,3,7/140464.jpg,back,0.471358,0.612706,0.080069,0.137381,,47-0-2-0
train,train/images/train_0002_aug1.jpg,train_0002,2970,1,2970/053704.jpg,back,0.134543,0.63001,0.082827,0.141441,,47-0-2-0
train,train/images/train_0002_aug2.jpg,train_0002,7007,0,7007/099068.jpg,front,0.790839,0.717584,0.091673,0.178854,,47-0-2-0
train,train/images/train_0002_aug2.jpg,train_0002,4428,4,4428/094613.jpg,front,0.279992,0.700374,0.100516,0.185838,,47-0-2-0
train,train/images/train_0002_aug2.jpg,train_0002,7,3,7/140464.jpg,back,0.544136,0.578381,0.090745,0.160264,,47-0-2-0
train,train/images/train_0002_aug2.jpg,train_0002,2970,1,2970/053704.jpg,back,0.926603,0.558428,0.093876,0.164997,,47-0-2-0
train,train/images/train_0003.jpg,,7,3,7/019811.jpg,front,0.132098,0.72206,0.106721,0.211963,0.9245,47-0-3-0
train,train/images/train_0003.jpg,,7007,0,7007/113130.jpg,front,0.276157,0.740215,0.101825,0.180501,0.9286,47-0-3-0
train,train/images/train_0003.jpg,,2336,2,2336/180987.jpg,front,0.498629,0.767583,0.102833,0.191549,0.9186,47-0-3-0
train,train/images/train_0003.jpg,,4428,4,4428/145187.jpg,front,0.68763,0.739333,0.117733,0.216229,0.9314,47-0-3-0
train,train/images/train_0003.jpg,,2970,1,2970/023824.jpg,front,0.877683,0.732323,0.116153,0.215751,0.932,47-0-3-0
train,train/images/train_0003_aug1.jpg,train_0003,7,3,7/019811.jpg,front,0.88116,0.76597,0.105535,0.196641,,47-0-3-0
train,train/images/train_0003_aug1.jpg,train_0003,7007,0,7007/113130.jpg,front,0.738914,0.762979,0.100472,0.167573,,47-0-3-0
train,train/images/train_0003_aug1.jpg,train_0003,2336,2,2336/180987.jpg,front,0.519289,0.757741,0.101561,0.177767,,47-0-3-0
train,train/images/train_0003_aug1.jpg,train_0003,4428,4,4428/145187.jpg,front,0.33647,0.705646,0.116246,0.200691,,47-0-3-0
train,train/images/train_0003_aug1.jpg,train_0003,2970,1,2970/023824.jpg,front,0.15107,0.673056,0.11471,0.200232,,47-0-3-0
train,train/images/train_0003_aug2.jpg,train_0003,7,3,7/019811.jpg,front,0.062707,0.641268,0.11521,0.194362,,47-0-3-0
train,train/images/train_0003_aug2.jpg,train_0003,7007,0,7007/113130.jpg,front,0.216445,0.674312,0.109811,0.1656,,47-0-3-0
train,train/images/train_0003_aug2.jpg,train_0003,2336,2,2336/180987.jpg,front,0.4539,0.724731,0.110942,0.175694,,47-0-3-0
train,train/images/train_0003_aug2.jpg,train_0003,4428,4,4428/145187.jpg,front,0.658446,0.720433,0.127003,0.198345,,47-0-3-0
train,train/images/train_0003_aug2.jpg,train_0003,2970,1,2970/023824.jpg,front,0.862961,0.735692,0.12531,0.197895,,47-0-3-0
train,train/images/train_0004.jpg,,2970,1,2970/056956.jpg,front,0.19937,0.73158,0.122681,0.222662,0.9425,47-0-4-2
train,train/images/train_0004.jpg,,7007,0,7007/135536.jpg,front,0.755767,0.718002,0.134395,0.249169,0.9463,47-0-4-2
train,train/images/train_0004_aug1.jpg,train_0004,2970,1,2970/056956.jpg,front,0.804124,0.75166,0.106771,0.242469,,47-0-4-2
train,train/images/train_0004_aug1.jpg,train_0004,7007,0,7007/135536.jpg,front,0.319952,0.750151,0.11697,0.271333,,47-0-4-2
train,train/images/train_0004_aug2.jpg,train_0004,2970,1,2970/056956.jpg,front,0.887531,0.78031,0.136042,0.249804,,47-0-4-2
train,train/images/train_0004_aug2.jpg,train_0004,7007,0,7007/135536.jpg,front,0.271138,0.800936,0.149043,0.279536,,47-0-4-2
train,train/images/train_0005.jpg,,2970,1,2970/037013.jpg,front,0.229411,0.848819,0.111776,0.197539,0.9368,47-0-5-1
train,train/images/train_0005.jpg,,4428,4,4428/114753.jpg,front,0.719605,0.832984,0.111441,0.202765,0.9159,47-0-5-1
train,train/images/train_0005_aug1.jpg,train_0005,2970,1,2970/037013.jpg,front,0.771794,0.804291,0.117288,0.205547,,47-0-5-1
train,train/images/train_0005_aug1.jpg,train_0005,4428,4,4428/114753.jpg,front,0.257745,0.818249,0.116947,0.210978,,47-0-5-1
train,train/images/train_0005_aug2.jpg,train_0005,2970,1,2970/037013.jpg,front,0.238619,0.86279,0.099656,0.176993,,47-0-5-1
train,train/images/train_0005_aug2.jpg,train_0005,4428,4,4428/114753.jpg,front,0.673039,0.808146,0.099381,0.181662,,47-0-5-1
train,train/images/train_0006.jpg,,4428,4,4428/128332.jpg,front,0.230548,0.735862,0.109826,0.198946,0.9402,47-0-6-0
train,train/images/train_0006.jpg,,2336,2,2336/170089.jpg,front,0.709226,0.764302,0.101578,0.195676,0.9418,47-0-6-0
train,train/images/train_0006_aug1.jpg,train_0006,4428,4,4428/128332.jpg,front,0.210249,0.744885,0.12261,0.220317,,47-0-6-0
train,train/images/train_0006_aug1.jpg,train_0006,2336,2,2336/170089.jpg,front,0.744693,0.742884,0.113434,0.216681,,47-0-6-0
train,train/images/train_0006_aug2.jpg,train_0006,4428,4,4428/128332.jpg,front,0.230548,0.735862,0.109826,0.198946,,47-0-6-0
train,train/images/train_0006_aug2.jpg,train_0006,2336,2,2336/170089.jpg,front,0.709226,0.764302,0.101578,0.195676,,47-0-6-0
train,train/images/train_0007.jpg,,2336,2,2336/180676.jpg,front,0.279031,0.653075,0.102381,0.196265,0.9306,47-0-7-0
train,train/images/train_0007.jpg,,7007,0,7007/067739.jpg,front,0.688725,0.652219,0.112523,0.174104,0.9187,47-0-7-0
train,train/images/train_0007.jpg,,2970,1,2970/040067.jpg,back,0.07125,0.509411,0.082835,0.159387,0.9249,47-0-7-0
train,train/images/train_0007.jpg,,4428,4,4428/099151.jpg,back,0.930078,0.490073,0.08094,0.154176,0.935,47-0-7-0
train,train/images/train_0007_aug1.jpg,train_0007,2336,2,2336/180676.jpg,front,0.644718,0.691873,0.092632,0.178049,,47-0-7-0
train,train/images/train_0007_aug1.jpg,train_0007,7007,0,7007/067739.jpg,front,0.276241,0.654278,0.101602,0.158054,,47-0-7-0
train,train/images/train_0007_aug1.jpg,train_0007,2970,1,2970/040067.jpg,back,0.838932,0.580392,0.074951,0.144592,,47-0-7-0
train,train/images/train_0007_aug1.jpg,train_0007,4428,4,4428/099151.jpg,back,0.067399,0.485688,0.073227,0.139868,,47-0-7-0
train,train/images/train_0007_aug2.jpg,train_0007,2336,2,2336/180676.jpg,front,0.753865,0.573568,0.104106,0.167696,,47-0-7-0
train,train/images/train_0007_aug2.jpg,train_0007,7007,0,7007/067739.jpg,front,0.337888,0.598417,0.114354,0.148817,,47-0-7-0
train,train/images/train_0007_aug2.jpg,train_0007,2970,1,2970/040067.jpg,back,0.95923,0.437933,0.08154,0.136185,,47-0-7-0
train,train/images/train_0007_aug2.jpg,train_0007,4428,4,4428/099151.jpg,back,0.08806,0.475043,0.082302,0.131734,,47-0-7-0
train,train/images/train_0008.jpg,,7,3,7/022384.jpg,front,0.160465,0.624407,0.11025,0.19626,0.9175,47-0-8-0
train,train/images/train_0008.jpg,,2336,2,2336/172736.jpg,front,0.531815,0.642397,0.099987,0.179269,0.9309,47-0-8-0
train,train/images/train_0008.jpg,,7007,0,7007/017103.jpg,front,0.819643,0.660699,0.08719,0.156598,0.9297,47-0-8-0
train,train/images/train_0008.jpg,,4428,4,4428/144087.jpg,back,0.36163,0.467812,0.086387,0.162673,0.9389,47-0-8-0
train,train/images/train_0008.jpg,,2970,1,2970/023824.jpg,back,0.934378,0.461873,0.083819,0.157408,0.9308,47-0-8-0
train,train/images/train_0008_aug1.jpg,train_0008,7,3,7/022384.jpg,front,0.817761,0.606295,0.109744,0.218602,,47-0-8-0
train,train/images/train_0008_aug1.jpg,train_0008,2336,2,2336/172736.jpg,front,0.447987,0.619706,0.099528,0.199677,,47-0-8-0
train,train/images/train_0008_aug1.jpg,train_0008,7007,0,7007/017103.jpg,front,0.161332,0.634954,0.08679,0.174425,,47-0-8-0
train,train/images/train_0008_aug1.jpg,train_0008,4428,4,4428/144087.jpg,back,0.619319,0.428284,0.085992,0.18119,,47-0-8-0
train,train/images/train_0008_aug1.jpg,train_0008,2970,1,2970/023824.jpg,back,0.049381,0.411448,0.083436,0.175326,,47-0-8-0
train,train/images/train_0008_aug2.jpg,train_0008,7,3,7/022384.jpg,front,0.829498,0.596891,0.100497,0.190723,,47-0-8-0
train,train/images/train_0008_aug2.jpg,train_0008,2336,2,2336/172736.jpg,front,0.493868,0.647719,0.091149,0.174209,,47-0-8-0
train,train/images/train_0008_aug2.jpg,train_0008,7007,0,7007/017103.jpg,front,0.233961,0.691344,0.079485,0.152177,,47-0-8-0
train,train/images/train_0008_aug2.jpg,train_0008,4428,4,4428/144087.jpg,back,0.638681,0.462995,0.078795,0.15806,,47-0-8-0
train,train/images/train_0008_aug2.jpg,train_0008,2970,1,2970/023824.jpg,back,0.119202,0.508698,0.076451,0.152945,,47-0-8-0
train,train/images/train_0009.jpg,,2970,1,2970/037013.jpg,front,0.148313,0.811205,0.092156,0.155594,0.9532,47-0-9-0
train,train/images/train_0009.jpg,,7,3,7/022384.jpg,front,0.504061,0.836401,0.099061,0.162549,0.9309,47-0-9-0
train,train/images/train_0009.jpg,,4428,4,4428/092959.jpg,front,0.833855,0.84337,0.078079,0.140721,0.9363,47-0-9-0
train,train/images/train_0009_aug1.jpg,train_0009,2970,1,2970/037013.jpg,front,0.148313,0.811205,0.092156,0.155594,,47-0-9-0
train,train/images/train_0009_aug1.jpg,train_0009,7,3,7/022384.jpg,front,0.504061,0.836401,0.099061,0.162549,,47-0-9-0
train,train/images/train_0009_aug1.jpg,train_0009,4428,4,4428/092959.jpg,front,0.833855,0.84337,0.078079,0.140721,,47-0-9-0
train,train/images/train_0009_aug2.jpg,train_0009,2970,1,2970/037013.jpg,front,0.146472,0.837336,0.086967,0.16235,,47-0-9-0
train,train/images/train_0009_aug2.jpg,train_0009,7,3,7/022384.jpg,front,0.482156,0.864349,0.093483,0.169607,,47-0-9-0
train,train/images/train_0009_aug2.jpg,train_0009,4428,4,4428/092959.jpg,front,0.793372,0.872292,0.073682,0.146832,,47-0-9-0
train,train/images/train_0010.jpg,,2970,1,2970/037362.jpg,front,0.229513,0.817605,0.14094,0.244632,0.9417,47-0-10-0
train,train/images/train_0010.jpg,,2336,2,2336/174476.jpg,front,0.732975,0.822603,0.14587,0.25567,0.9435,47-0-10-0
train,train/images/train_0010_aug1.jpg,train_0010,2970,1,2970/037362.jpg,front,0.770487,0.817605,0.14094,0.244632,,47-0-10-0
train,train/images/train_0010_aug1.jpg,train_0010,2336,2,2336/174476.jpg,front,0.267025,0.822603,0.14587,0.25567,,47-0-10-0
train,train/images/train_0010_aug2.jpg,train_0010,2970,1,2970/037362.jpg,front,0.187135,0.711368,0.135095,0.215173,,47-0-10-0
train,train/images/train_0010_aug2.jpg,train_0010,2336,2,2336/174476.jpg,front,0.66504,0.787309,0.139846,0.224864,,47-0-10-0
train,train/images/train_0011.jpg,,7007,0,7007/035390.jpg,front,0.132195,0.712017,0.113345,0.22147,0.9287,47-0-11-1
train,train/images/train_0011.jpg,,7,3,7/038132.jpg,front,0.516595,0.70427,0.131521,0.22458,0.9425,47-0-11-1
train,train/images/train_0011.jpg,,2336,2,2336/180362.jpg,front,0.821449,0.720453,0.115211,0.200202,0.9318,47-0-11-1
train,train/images/train_0011_aug1.jpg,train_0011,7007,0,7007/035390.jpg,front,0.917726,0.762682,0.120909,0.226187,,47-0-11-1
train,train/images/train_0011_aug1.jpg,train_0011,7,3,7/038132.jpg,front,0.507705,0.751826,0.140298,0.229363,,47-0-11-1
train,train/images/train_0011_aug1.jpg,train_0011,2336,2,2336/180362.jpg,front,0.182441,0.76602,0.1229,0.204466,,47-0-11-1
train,train/images/train_0011_aug2.jpg,train_0011,7007,0,7007/035390.jpg,front,0.163662,0.759604,0.120054,0.216061,,47-0-11-1
train,train/images/train_0011_aug2.jpg,train_0011,7,3,7/038132.jpg,front,0.570192,0.733418,0.139272,0.21912,,47-0-11-1
train,train/images/train_0011_aug2.jpg,train_0011,2336,2,2336/180362.jpg,front,0.893157,0.734427,0.122004,0.195331,,47-0-11-1
train,train/images/train_0012.jpg,,2970,1,2970/088573.jpg,front,0.274113,0.695637,0.103713,0.183157,0.9339,47-0-12-0
train,train/images/train_0012.jpg,,2336,2,2336/179829.jpg,front,0.805172,0.692175,0.105651,0.197732,0.9352,47-0-12-0
train,train/images/train_0012_aug1.jpg,train_0012,2970,1,2970/088573.jpg,front,0.253287,0.674679,0.110001,0.186254,,47-0-12-0
train,train/images/train_0012_aug1.jpg,train_0012,2336,2,2336/179829.jpg,front,0.814043,0.617768,0.112109,0.201041,,47-0-12-0
train,train/images/train_0012_aug2.jpg,train_0012,2970,1,2970/088573.jpg,front,0.205665,0.697859,0.117356,0.175293,,47-0-12-0
train,train/images/train_0012_aug2.jpg,train_0012,2336,2,2336/179829.jpg,front,0.806171,0.724191,0.11956,0.189229,,47-0-12-0
train,train/images/train_0013.jpg,,2970,1,2970/050785.jpg,front,0.307033,0.752802,0.113153,0.204179,0.9321,47-0-13-0
train,train/images/train_0013.jpg,,7,3,7/140464.jpg,front,0.720869,0.743719,0.147151,0.236939,0.9464,47-0-13-0
train,train/images/train_0013.jpg,,2336,2,2336/164885.jpg,back,0.520082,0.546761,0.102386,0.188993,0.927,47-0-13-0
train,train/images/train_0013.jpg,,4428,4,4428/101496.jpg,back,0.933929,0.538231,0.105657,0.179859,0.9288,47-0-13-0
train,train/images/train_0013_aug1.jpg,train_0013,2970,1,2970/050785.jpg,front,0.697401,0.744861,0.114664,0.206511,,47-0-13-0
train,train/images/train_0013_aug1.jpg,train_0013,7,3,7/140464.jpg,front,0.283391,0.674952,0.148784,0.239848,,47-0-13-0
train,train/images/train_0013_aug1.jpg,train_0013,2336,2,2336/164885.jpg,back,0.500988,0.505862,0.103808,0.191121,,47-0-13-0
train,train/images/train_0013_aug1.jpg,train_0013,4428,4,4428/101496.jpg,back,0.086922,0.436508,0.106943,0.18199,,47-0-13-0
train,train/images/train_0013_aug2.jpg,train_0013,2970,1,2970/050785.jpg,front,0.692967,0.752802,0.113153,0.204179,,47-0-13-0
train,train/images/train_0013_aug2.jpg,train_0013,7,3,7/140464.jpg,front,0.279131,0.743719,0.147151,0.236939,,47-0-13-0
train,train/images/train_0013_aug2.jpg,train_0013,2336,2,2336/164885.jpg,back,0.479918,0.546761,0.102386,0.188993,,47-0-13-0
train,train/images/train_0013_aug2.jpg,train_0013,4428,4,4428/101496.jpg,back,0.066071,0.538231,0.105657,0.179859,,47-0-13-0
train,train/images/train_0014.jpg,,2970,1,2970/143208.jpg,front,0.209307,0.743915,0.115851,0.210973,0.9281,47-0-14-0
train,train/images/train_0014.jpg,,7,3,7/007335.jpg,front,0.779984,0.719827,0.110778,0.190405,0.9324,47-0-14-0
train,train/images/train_0014_aug1.jpg,train_0014,2970,1,2970/143208.jpg,front,0.790693,0.743915,0.115851,0.210973,,47-0-14-0
train,train/images/train_0014_aug1.jpg,train_0014,7,3,7/007335.jpg,front,0.220016,0.719827,0.110778,0.190405,,47-0-14-0
train,train/images/train_0014_aug2.jpg,train_0014,2970,1,2970/143208.jpg,front,0.219929,0.780825,0.113511,0.217425,,47-0-14-0
train,train/images/train_0014_aug2.jpg,train_0014,7,3,7/007335.jpg,front,0.778781,0.747262,0.108538,0.196228,,47-0-14-0
train,train/images/train_0015.jpg,,2970,1,2970/140037.jpg,front,0.280182,0.764991,0.140918,0.25706,0.9411,47-0-15-1
train,train/images/train_0015.jpg,,2336,2,2336/172268.jpg,front,0.771582,0.723491,0.144493,0.259594,0.935,47-0-15-1
train,train/images/train_0015_aug1.jpg,train_0015,2970,1,2970/140037.jpg,front,0.719818,0.764991,0.140918,0.25706,,47-0-15-1
train,train/images/train_0015_aug1.jpg,train_0015,2336,2,2336/172268.jpg,front,0.228418,0.723491,0.144493,0.259594,,47-0-15-1
train,train/images/train_0015_aug2.jpg,train_0015,2970,1,2970/140037.jpg,front,0.23689,0.718317,0.13464,0.242032,,47-0-15-1
train,train/images/train_0015_aug2.jpg,train_0015,2336,2,2336/172268.jpg,front,0.70547,0.73658,0.138024,0.244436,,47-0-15-1
train,train/images/train_0016.jpg,,7,3,7/022384.jpg,front,0.278692,0.794007,0.126053,0.214408,0.9373,47-0-16-0
train,train/images/train_0016.jpg,,7007,0,7007/113130.jpg,front,0.787578,0.799103,0.10247,0.186212,0.9247,47-0-16-0
train,train/images/train_0016.jpg,,4428,4,4428/005770.jpg,back,0.53566,0.615314,0.097184,0.185161,0.9282,47-0-16-0
train,train/images/train_0016.jpg,,2336,2,2336/179058.jpg,back,0.085326,0.600836,0.09825,0.179891,0.9277,47-0-16-0
train,train/images/train_0016_aug1.jpg,train_0016,7,3,7/022384.jpg,front,0.66799,0.782727,0.111863,0.219293,,47-0-16-0
train,train/images/train_0016_aug1.jpg,train_0016,7007,0,7007/113130.jpg,front,0.218277,0.748113,0.090998,0.190431,,47-0-16-0
train,train/images/train_0016_aug1.jpg,train_0016,4428,4,4428/005770.jpg,back,0.450133,0.580034,0.086349,0.189344,,47-0-16-0
train,train/images/train_0016_aug1.jpg,train_0016,2336,2,2336/179058.jpg,back,0.848609,0.600481,0.087257,0.183965,,47-0-16-0
train,train/images/train_0016_aug2.jpg,train_0016,7,3,7/022384.jpg,front,0.739928,0.787847,0.138695,0.205903,,47-0-16-0
train,train/images/train_0016_aug2.jpg,train_0016,7007,0,7007/113130.jpg,front,0.184049,0.869291,0.112854,0.178733,,47-0-16-0
train,train/images/train_0016_aug2.jpg,train_0016,4428,4,4428/005770.jpg,back,0.445809,0.655635,0.10711,0.177663,,47-0-16-0
train,train/images/train_0016_aug2.jpg,train_0016,2336,2,2336/179058.jpg,back,0.936991,0.574031,0.108218,0.172656,,47-0-16-0
train,train/images/train_0017.jpg,,7,3,7/022384.jpg,front,0.186448,0.77622,0.104976,0.175656,0.927,47-0-17-0
train,train/images/train_0017.jpg,,7007,0,7007/113130.jpg,front,0.470271,0.740239,0.093066,0.159191,0.9322,47-0-17-0
train,train/images/train_0017.jpg,,2336,2,2336/180362.jpg,front,0.826363,0.744637,0.095635,0.177411,0.9377,47-0-17-0
train,train/images/train_0017_aug1.jpg,train_0017,7,3,7/022384.jpg,front,0.186448,0.77622,0.104976,0.175656,,47-0-17-0
train,train/images/train_0017_aug1.jpg,train_0017,7007,0,7007/113130.jpg,front,0.470271,0.740239,0.093066,0.159191,,47-0-17-0
train,train/images/train_0017_aug1.jpg,train_0017,2336,2,2336/180362.jpg,front,0.826363,0.744637,0.095635,0.177411,,47-0-17-0
train,train/images/train_0017_aug2.jpg,train_0017,7,3,7/022384.jpg,front,0.849343,0.766045,0.104058,0.175904,,47-0-17-0
train,train/images/train_0017_aug2.jpg,train_0017,7007,0,7007/113130.jpg,front,0.567195,0.751434,0.092263,0.159407,,47-0-17-0
train,train/images/train_0017_aug2.jpg,train_0017,2336,2,2336/180362.jpg,front,0.215329,0.782664,0.094854,0.177629,,47-0-17-0
train,train/images/train_0018.jpg,,4428,4,4428/144087.jpg,front,0.142966,0.628316,0.088852,0.164999,0.941,47-0-18-0
train,train/images/train_0018.jpg,,2970,1,2970/056956.jpg,front,0.522307,0.665498,0.095416,0.171353,0.936,47-0-18-0
train,train/images/train_0018.jpg,,7007,0,7007/099068.jpg,front,0.80663,0.664188,0.08213,0.158428,0.9237,47-0-18-0
train,train/images/train_0018_aug1.jpg,train_0018,4428,4,4428/144087.jpg,front,0.239914,0.59278,0.07772,0.152338,,47-0-18-0
train,train/images/train_0018_aug1.jpg,train_0018,2970,1,2970/056956.jpg,front,0.572188,0.611863,0.083454,0.158206,,47-0-18-0
train,train/images/train_0018_aug1.jpg,train_0018,7007,0,7007/099068.jpg,front,0.820537,0.599234,0.071847,0.146268,,47-0-18-0
train,train/images/train_0018_aug2.jpg,train_0018,4428,4,4428/144087.jpg,front,0.117944,0.607317,0.091959,0.179997,,47-0-18-0
train,train/images/train_0018_aug2.jpg,train_0018,2970,1,2970/056956.jpg,front,0.511013,0.636522,0.098749,0.18693,,47-0-18-0
train,train/images/train_0018_aug2.jpg,train_0018,7007,0,7007/099068.jpg,front,0.805108,0.626584,0.085005,0.172827,,47-0-18-0
train,train/images/train_0019.jpg,,4428,4,4428/053403.jpg,front,0.205552,0.64272,0.118947,0.210306,0.9332,47-0-19-0
train,train/images/train_0019.jpg,,2970,1,2970/053583.jpg,front,0.470521,0.628294,0.10743,0.189521,0.9167,47-0-19-0
train,train/images/train_0019.jpg,,7,3,7/131364.jpg,front,0.833307,0.664479,0.100647,0.168031,0.9317,47-0-19-0
train,train/images/train_0019.jpg,,2336,2,2336/178941.jpg,back,0.661585,0.431117,0.081834,0.157601,0.9356,47-0-19-0
train,train/images/train_0019.jpg,,7007,0,7007/035390.jpg,back,0.928738,0.440381,0.087359,0.167954,0.9358,47-0-19-0
train,train/images/train_0019_aug1.jpg,train_0019,4428,4,4428/053403.jpg,front,0.237775,0.680182,0.103509,0.235216,,47-0-19-0
train,train/images/train_0019_aug1.jpg,train_0019,2970,1,2970/053583.jpg,front,0.464459,0.636371,0.093482,0.21197,,47-0-19-0
train,train/images/train_0019_aug1.jpg,train_0019,7,3,7/131364.jpg,front,0.779098,0.638862,0.087467,0.187964,,47-0-19-0
train,train/images/train_0019_aug1.jpg,train_0019,2336,2,2336/178941.jpg,back,0.613647,0.396174,0.071372,0.176228,,47-0-19-0
train,train/images/train_0019_aug1.jpg,train_0019,7007,0,7007/035390.jpg,back,0.844018,0.378594,0.076187,0.187806,,47-0-19-0
train,train/images/train_0019_aug2.jpg,train_0019,4428,4,4428/053403.jpg,front,0.157635,0.650389,0.123163,0.221239,,47-0-19-0
train,train/images/train_0019_aug2.jpg,train_0019,2970,1,2970/053583.jpg,front,0.430488,0.613882,0.111237,0.199373,,47-0-19-0
train,train/images/train_0019_aug2.jpg,train_0019,7,3,7/131364.jpg,front,0.80665,0.62269,0.104182,0.176789,,47-0-19-0
train,train/images/train_0019_aug2.jpg,train_0019,2336,2,2336/178941.jpg,back,0.618621,0.391252,0.084786,0.165773,,47-0-19-0
train,train/images/train_0019_aug2.jpg,train_0019,7007,0,7007/035390.jpg,back,0.894822,0.379468,0.09051,0.176663,,47-0-19-0
train,train/images/train_0020.jpg,,2970,1,2970/079293.jpg,front,0.190689,0.600774,0.115802,0.209757,0.9462,47-0-20-0
train,train/images/train_0020.jpg,,2336,2,2336/181421.jpg,front,0.545133,0.613321,0.125515,0.230899,0.941,47-0-20-0
train,train/images/train_0020.jpg,,7,3,7/019811.jpg,front,0.870649,0.575473,0.13521,0.266825,0.9394,47-0-20-0
train,train/images/train_0020_aug1.jpg,train_0020,2970,1,2970/079293.jpg,front,0.107468,0.593284,0.130925,0.190234,,47-0-20-0
train,train/images/train_0020_aug1.jpg,train_0020,2336,2,2336/181421.jpg,front,0.508248,0.589091,0.141909,0.209404,,47-0-20-0
train,train/images/train_0020_aug1.jpg,train_0020,7,3,7/019811.jpg,front,0.875339,0.540479,0.152883,0.241977,,47-0-20-0
train,train/images/train_0020_aug2.jpg,train_0020,2970,1,2970/079293.jpg,front,0.169349,0.681188,0.125237,0.201397,,47-0-20-0
train,train/images/train_0020_aug2.jpg,train_0020,2336,2,2336/181421.jpg,front,0.5511,0.64578,0.135768,0.221677,,47-0-20-0
train,train/images/train_0020_aug2.jpg,train_0020,7,3,7/019811.jpg,front,0.898384,0.565997,0.146403,0.256076,,47-0-20-0
train,train/images/train_0021.jpg,,2970,1,2970/059300.jpg,front,0.099423,0.719083,0.12105,0.200054,0.9331,47-0-21-0
train,train/images/train_0021.jpg,,7,3,7/002065.jpg,front,0.369412,0.722348,0.121132,0.217812,0.9291,47-0-21-0
train,train/images/train_0021.jpg,,4428,4,4428/053931.jpg,front,0.615709,0.711901,0.115602,0.204888,0.9338,47-0-21-0
train,train/images/train_0021.jpg,,2336,2,2336/180362.jpg,front,0.870934,0.70185,0.112422,0.204488,0.9288,47-0-21-0
train,train/images/train_0021_aug1.jpg,train_0021,2970,1,2970/059300.jpg,front,0.104632,0.777693,0.12881,0.170952,,47-0-21-0
train,train/images/train_0021_aug1.jpg,train_0021,7,3,7/002065.jpg,front,0.390565,0.740118,0.129023,0.18596,,47-0-21-0
train,train/images/train_0021_aug1.jpg,train_0021,4428,4,4428/053931.jpg,front,0.6505,0.694434,0.12311,0.174952,,47-0-21-0
train,train/images/train_0021_aug1.jpg,train_0021,2336,2,2336/180362.jpg,front,0.919911,0.647751,0.119765,0.174564,,47-0-21-0
train,train/images/train_0021_aug2.jpg,train_0021,2970,1,2970/059300.jpg,front,0.091752,0.719204,0.133683,0.181517,,47-0-21-0
train,train/images/train_0021_aug2.jpg,train_0021,7,3,7/002065.jpg,front,0.388091,0.676063,0.133943,0.197438,,47-0-21-0
train,train/images/train_0021_aug2.jpg,train_0021,4428,4,4428/053931.jpg,front,0.657365,0.624607,0.1278,0.185752,,47-0-21-0
train,train/images/train_0021_aug2.jpg,train_0021,2336,2,2336/180362.jpg,front,0.936462,0.571984,0.124335,0.185336,,47-0-21-0
train,train/images/train_0022.jpg,,7007,0,7007/010363.jpg,front,0.1305,0.788149,0.103189,0.182658,0.9354,47-0-22-0
train,train/images/train_0022.jpg,,7,3,7/009932.jpg,front,0.5107,0.803614,0.110267,0.171489,0.935,47-0-22-0
train,train/images/train_0022.jpg,,2970,1,2970/088573.jpg,front,0.860455,0.814134,0.101598,0.187668,0.9279,47-0-22-0
train,train/images/train_0022_aug1.jpg,train_0022,7007,0,7007/010363.jpg,front,0.8695,0.788149,0.103189,0.182658,,47-0-22-0
train,train/images/train_0022_aug1.jpg,train_0022,7,3,7/009932.jpg,front,0.4893,0.803614,0.110267,0.171489,,47-0-22-0
train,train/images/train_0022_aug1.jpg,train_0022,2970,1,2970/088573.jpg,front,0.139545,0.814134,0.101598,0.187668,,47-0-22-0
train,train/images/train_0022_aug2.jpg,train_0022,7007,0,7007/010363.jpg,front,0.839251,0.873627,0.090568,0.190237,,47-0-22-0
train,train/images/train_0022_aug2.jpg,train_0022,7,3,7/009932.jpg,front,0.508744,0.844272,0.096489,0.178716,,47-0-22-0
train,train/images/train_0022_aug2.jpg,train_0022,2970,1,2970/088573.jpg,front,0.205002,0.813415,0.089278,0.195418,,47-0-22-0
train,train/images/train_0023.jpg,,4428,4,4428/145187.jpg,front,0.204657,0.773152,0.11392,0.221775,0.935,47-0-23-0
train,train/images/train_0023.jpg,,2336,2,2336/179058.jpg,front,0.804571,0.7978,0.127572,0.232233,0.9238,47-0-23-0
train,train/images/train_0023_aug1.jpg,train_0023,4428,4,4428/145187.jpg,front,0.815761,0.711926,0.113762,0.235676,,47-0-23-0
train,train/images/train_0023_aug1.jpg,train_0023,2336,2,2336/179058.jpg,front,0.227613,0.824667,0.127162,0.246873,,47-0-23-0
train,train/images/train_0023_aug2.jpg,train_0023,4428,4,4428/145187.jpg,front,0.204657,0.773152,0.11392,0.221775,,47-0-23-0
train,train/images/train_0023_aug2.jpg,train_0023,2336,2,2336/179058.jpg,front,0.804571,0.7978,0.127572,0.232233,,47-0-23-0
train,train/images/train_0024.jpg,,2970,1,2970/053583.jpg,front,0.188673,0.773745,0.084341,0.137026,0.9327,47-0-24-0
train,train/images/train_0024.jpg,,2336,2,2336/180987.jpg,front,0.464512,0.75541,0.087668,0.170974,0.9328,47-0-24-0
train,train/images/train_0024.jpg,,4428,4,4428/121977.jpg,front,0.806653,0.756784,0.085573,0.15793,0.9481,47-0-24-0
train,train/images/train_0024_aug1.jpg,train_0024,2970,1,2970/053583.jpg,front,0.835228,0.670307,0.084689,0.119852,,47-0-24-0
train,train/images/train_0024_aug1.jpg,train_0024,2336,2,2336/180987.jpg,front,0.558344,0.685374,0.088185,0.149405,,47-0-24-0
train,train/images/train_0024_aug1.jpg,train_0024,4428,4,4428/121977.jpg,front,0.216238,0.72509,0.086026,0.138042,,47-0-24-0
train,train/images/train_0024_aug2.jpg,train_0024,2970,1,2970/053583.jpg,front,0.1442,0.823785,0.092161,0.13475,,47-0-24-0
train,train/images/train_0024_aug2.jpg,train_0024,2336,2,2336/180987.jpg,front,0.441992,0.762217,0.096097,0.167883,,47-0-24-0
train,train/images/train_0024_aug2.jpg,train_0024,4428,4,4428/121977.jpg,front,0.813299,0.70945,0.0937,0.155138,,47-0-24-0
train,train/images/train_0025.jpg,,2970,1,2970/143208.jpg,front,0.198011,0.835856,0.129122,0.232667,0.9406,47-0-25-0
train,train/images/train_0025.jpg,,2336,2,2336/174476.jpg,front,0.463303,0.837127,0.125601,0.242474,0.9398,47-0-25-0
train,train/images/train_0025.jpg,,4428,4,4428/053429.jpg,front,0.844511,0.842885,0.121629,0.225438,0.9334,47-0-25-0
train,train/images/train_0025_aug1.jpg,train_0025,2970,1,2970/143208.jpg,front,0.813688,0.859129,0.128391,0.203944,,47-0-25-0
train,train/images/train_0025_aug1.jpg,train_0025,2336,2,2336/174476.jpg,front,0.551031,0.83207,0.124979,0.212473,,47-0-25-0
train,train/images/train_0025_aug1.jpg,train_0025,4428,4,4428/053429.jpg,front,0.173402,0.796627,0.120974,0.197581,,47-0-25-0
train,train/images/train_0025_aug2.jpg,train_0025,2970,1,2970/143208.jpg,front,0.788422,0.766455,0.138061,0.210285,,47-0-25-0
train,train/images/train_0025_aug2.jpg,train_0025,2336,2,2336/174476.jpg,front,0.505352,0.788175,0.134338,0.219112,,47-0-25-0
train,train/images/train_0025_aug2.jpg,train_0025,4428,4,4428/053429.jpg,front,0.098744,0.822933,0.130065,0.203737,,47-0-25-0
train,train/images/train_0026.jpg,,2336,2,2336/172736.jpg,front,0.271867,0.598771,0.116467,0.214047,0.9371,47-0-26-0
train,train/images/train_0026.jpg,,4428,4,4428/057432.jpg,front,0.68604,0.624589,0.118243,0.209494,0.9337,47-0-26-0
train,train/images/train_0026_aug1.jpg,train_0026,2336,2,2336/172736.jpg,front,0.2645,0.644849,0.1056,0.244589,,47-0-26-0
train,train/images/train_0026_aug1.jpg,train_0026,4428,4,4428/057432.jpg,front,0.640055,0.673774,0.107211,0.239387,,47-0-26-0
train,train/images/train_0026_aug2.jpg,train_0026,2336,2,2336/172736.jpg,front,0.697122,0.556655,0.105573,0.20499,,47-0-26-0
train,train/images/train_0026_aug2.jpg,train_0026,4428,4,4428/057432.jpg,front,0.329665,0.64053,0.107067,0.200682,,47-0-26-0
train,train/images/train_0027.jpg,,2336,2,2336/164885.jpg,front,0.16775,0.651305,0.117293,0.208503,0.935,47-0-27-1
train,train/images/train_0027.jpg,,4428,4,4428/145187.jpg,front,0.523054,0.652195,0.119816,0.218064,0.9387,47-0-27-1
train,train/images/train_0027.jpg,,7007,0,7007/036181.jpg,front,0.827743,0.659409,0.121242,0.209726,0.9393,47-0-27-1
train,train/images/train_0027.jpg,,7,3,7/157832.jpg,back,0.331603,0.466656,0.100719,0.166244,0.9466,47-0-27-1
train,train/images/train_0027.jpg,,2970,1,2970/140037.jpg,back,0.693028,0.451224,0.103369,0.181108,0.9227,47-0-27-1
train,train/images/train_0027_aug1.jpg,train_0027,2336,2,2336/164885.jpg,front,0.83225,0.651305,0.117293,0.208503,,47-0-27-1
train,train/images/train_0027_aug1.jpg,train_0027,4428,4,4428/145187.jpg,front,0.476946,0.652195,0.119816,0.218064,,47-0-27-1
train,train/images/train_0027_aug1.jpg,train_0027,7007,0,7007/036181.jpg,front,0.172257,0.659409,0.121242,0.209726,,47-0-27-1
train,train/images/train_0027_aug1.jpg,train_0027,7,3,7/157832.jpg,back,0.668397,0.466656,0.100719,0.166244,,47-0-27-1
train,train/images/train_0027_aug1.jpg,train_0027,2970,1,2970/140037.jpg,back,0.306972,0.451224,0.103369,0.181108,,47-0-27-1
train,train/images/train_0027_aug2.jpg,train_0027,2336,2,2336/164885.jpg,front,0.16775,0.651305,0.117293,0.208503,,47-0-27-1
train,train/images/train_0027_aug2.jpg,train_0027,4428,4,4428/145187.jpg,front,0.523054,0.652195,0.119816,0.218064,,47-0-27-1
train,train/images/train_0027_aug2.jpg,train_0027,7007,0,7007/036181.jpg,front,0.827743,0.659409,0.121242,0.209726,,47-0-27-1
train,train/images/train_0027_aug2.jpg,train_0027,7,3,7/157832.jpg,back,0.331603,0.466656,0.100719,0.166244,,47-0-27-1
train,train/images/train_0027_aug2.jpg,train_0027,2970,1,2970/140037.jpg,back,0.693028,0.451224,0.103369,0.181108,,47-0-27-1
train,train/images/train_0028.jpg,,2336,2,2336/176923.jpg,front,0.158116,0.767372,0.089244,0.168657,0.9185,47-0-28-1
train,train/images/train_0028.jpg,,7007,0,7007/095414.jpg,front,0.387653,0.774516,0.083565,0.156866,0.9337,47-0-28-1
train,train/images/train_0028.jpg,,2970,1,2970/053583.jpg,front,0.657662,0.795783,0.089242,0.149673,0.9213,47-0-28-1
train,train/images/train_0028.jpg,,7,3,7/090356.jpg,front,0.860137,0.752261,0.094234,0.153017,0.931,47-0-28-1
train,train/images/train_0028_aug1.jpg,train_0028,2336,2,2336/176923.jpg,front,0.132551,0.689224,0.101086,0.147804,,47-0-28-1
train,train/images/train_0028_aug1.jpg,train_0028,7007,0,7007/095414.jpg,front,0.392136,0.708871,0.094651,0.137472,,47-0-28-1
train,train/images/train_0028_aug1.jpg,train_0028,2970,1,2970/053583.jpg,front,0.697165,0.743248,0.101066,0.131187,,47-0-28-1
train,train/images/train_0028_aug1.jpg,train_0028,7,3,7/090356.jpg,front,0.92741,0.716942,0.106715,0.134124,,47-0-28-1
train,train/images/train_0028_aug2.jpg,train_0028,2336,2,2336/176923.jpg,front,0.939654,0.696345,0.101275,0.148125,,47-0-28-1
train,train/images/train_0028_aug2.jpg,train_0028,7007,0,7007/095414.jpg,front,0.68036,0.728086,0.094825,0.137774,,47-0-28-1
train,train/images/train_0028_aug2.jpg,train_0028,2970,1,2970/053583.jpg,front,0.375971,0.776697,0.101205,0.13153,,47-0-28-1
train,train/images/train_0028_aug2.jpg,train_0028,7,3,7/090356.jpg,front,0.144838,0.761036,0.106849,0.134492,,47-0-28-1
train,train/images/train_0029.jpg,,4428,4,4428/094613.jpg,front,0.162153,0.726688,0.091707,0.168732,0.9265,47-0-29-0
train,train/images/train_0029.jpg,,7007,0,7007/000491.jpg,front,0.516583,0.752208,0.082108,0.148295,0.9185,47-0-29-0
train,train/images/train_0029.jpg,,2970,1,2970/140037.jpg,front,0.843975,0.744205,0.110006,0.180722,0.923,47-0-29-0
train,train/images/train_0029_aug1.jpg,train_0029,4428,4,4428/094613.jpg,front,0.167236,0.661536,0.083722,0.175829,,47-0-29-0
train,train/images/train_0029_aug1.jpg,train_0029,7007,0,7007/000491.jpg,front,0.485532,0.727556,0.074931,0.154541,,47-0-29-0
train,train/images/train_0029_aug1.jpg,train_0029,2970,1,2970/140037.jpg,front,0.781824,0.75569,0.100211,0.188405,,47-0-29-0
train,train/images/train_0029_aug2.jpg,train_0029,4428,4,4428/094613.jpg,front,0.18758,0.725086,0.08307,0.146981,,47-0-29-0
train,train/images/train_0029_aug2.jpg,train_0029,7007,0,7007/000491.jpg,front,0.508878,0.734017,0.074372,0.129179,,47-0-29-0
train,train/images/train_0029_aug2.jpg,train_0029,2970,1,2970/140037.jpg,front,0.805025,0.714769,0.099629,0.157433,,47-0-29-0
train,train/images/train_0030.jpg,,4428,4,4428/053429.jpg,front,0.127211,0.811719,0.128149,0.225227,0.9367,47-0-30-0
train,train/images/train_0030.jpg,,2336,2,2336/172736.jpg,front,0.532199,0.876198,0.112692,0.208636,0.9189,47-0-30-0
train,train/images/train_0030.jpg,,7,3,7/017587.jpg,front,0.861157,0.834059,0.120575,0.194716,0.9396,47-0-30-0
train,train/images/train_0030_aug1.jpg,train_0030,4428,4,4428/053429.jpg,front,0.910794,0.804456,0.138594,0.22095,,47-0-30-0
train,train/images/train_0030_aug1.jpg,train_0030,2336,2,2336/172736.jpg,front,0.471074,0.832456,0.12191,0.204647,,47-0-30-0
train,train/images/train_0030_aug1.jpg,train_0030,7,3,7/017587.jpg,front,0.118098,0.762599,0.130349,0.191062,,47-0-30-0
train,train/images/train_0030_aug2.jpg,train_0030,4428,4,4428/053429.jpg,front,0.872789,0.811719,0.128149,0.225227,,47-0-30-0
train,train/images/train_0030_aug2.jpg,train_0030,2336,2,2336/172736.jpg,front,0.467801,0.876198,0.112692,0.208636,,47-0-30-0
train,train/images/train_0030_aug2.jpg,train_0030,7,3,7/017587.jpg,front,0.138843,0.834059,0.120575,0.194716,,47-0-30-0
train,train/images/train_0031.jpg,,4428,4,4428/096574.jpg,front,0.183605,0.743414,0.17242,0.30652,0.946,47-0-31-2
train,train/images/train_0031.jpg,,2970,1,2970/037362.jpg,front,0.456246,0.751546,0.160082,0.277409,0.9348,47-0-31-2
train,train/images/train_0031.jpg,,2336,2,2336/180362.jpg,front,0.849505,0.787488,0.134549,0.244622,0.9456,47-0-31-2
train,train/images/train_0031_aug1.jpg,train_0031,4428,4,4428/096574.jpg,front,0.792054,0.762957,0.151391,0.33431,,47-0-31-2
train,train/images/train_0031_aug1.jpg,train_0031,2970,1,2970/037362.jpg,front,0.553139,0.781147,0.140549,0.302562,,47-0-31-2
train,train/images/train_0031_aug1.jpg,train_0031,2336,2,2336/180362.jpg,front,0.209105,0.833787,0.118146,0.266799,,47-0-31-2
train,train/images/train_0031_aug2.jpg,train_0031,4428,4,4428/096574.jpg,front,0.173408,0.771276,0.179056,0.279217,,47-0-31-2
train,train/images/train_0031_aug2.jpg,train_0031,2970,1,2970/037362.jpg,front,0.454403,0.733516,0.166161,0.252769,,47-0-31-2
train,train/images/train_0031_aug2.jpg,train_0031,2336,2,2336/180362.jpg,front,0.861698,0.700992,0.13979,0.22278,,47-0-31-2
train,train/images/train_0032.jpg,,7,3,7/019811.jpg,front,0.229654,0.756011,0.115941,0.213075,0.9287,47-0-32-0
train,train/images/train_0032.jpg,,2970,1,2970/037362.jpg,front,0.774416,0.734793,0.107747,0.19862,0.9004,47-0-32-0
train,train/images/train_0032_aug1.jpg,train_0032,7,3,7/019811.jpg,front,0.234693,0.770381,0.115818,0.199243,,47-0-32-0
train,train/images/train_0032_aug1.jpg,train_0032,2970,1,2970/037362.jpg,front,0.777305,0.718043,0.107634,0.185726,,47-0-32-0
train,train/images/train_0032_aug2.jpg,train_0032,7,3,7/019811.jpg,front,0.174831,0.735763,0.12153,0.203435,,47-0-32-0
train,train/images/train_0032_aug2.jpg,train_0032,2970,1,2970/037362.jpg,front,0.742475,0.795141,0.112947,0.18963,,47-0-32-0
train,train/images/train_0033.jpg,,2970,1,2970/088573.jpg,front,0.236384,0.742092,0.117495,0.204082,0.9406,47-0-33-0
train,train/images/train_0033.jpg,,7,3,7/003099.jpg,front,0.761902,0.787187,0.126879,0.212268,0.932,47-0-33-0
train,train/images/train_0033_aug1.jpg,train_0033,2970,1,2970/088573.jpg,front,0.261194,0.775547,0.107394,0.23245,,47-0-33-0
train,train/images/train_0033_aug1.jpg,train_0033,7,3,7/003099.jpg,front,0.737867,0.756142,0.115836,0.241818,,47-0-33-0
train,train/images/train_0033_aug2.jpg,train_0033,2970,1,2970/088573.jpg,front,0.806253,0.749845,0.12254,0.205005,,47-0-33-0
train,train/images/train_0033_aug2.jpg,train_0033,7,3,7/003099.jpg,front,0.25995,0.821532,0.132316,0.213237,,47-0-33-0
train,train/images/train_0034.jpg,,4428,4,4428/021741.jpg,front,0.151249,0.764233,0.150672,0.275451,0.9453,47-0-34-1
train,train/images/train_0034.jpg,,2970,1,2970/037362.jpg,front,0.489935,0.754541,0.15109,0.251547,0.9363,47-0-34-1
train,train/images/train_0034.jpg,,7007,0,7007/113130.jpg,front,0.860783,0.726783,0.14513,0.262928,0.9463,47-0-34-1
train,train/images/train_0034_aug1.jpg,train_0034,4428,4,4428/021741.jpg,front,0.802,0.746741,0.132523,0.237655,,47-0-34-1
train,train/images/train_0034_aug1.jpg,train_0034,2970,1,2970/037362.jpg,front,0.5054,0.715106,0.132824,0.217079,,47-0-34-1
train,train/images/train_0034_aug1.jpg,train_0034,7007,0,7007/113130.jpg,front,0.181286,0.665688,0.127641,0.226855,,47-0-34-1
train,train/images/train_0034_aug2.jpg,train_0034,4428,4,4428/021741.jpg,front,0.838004,0.802285,0.135661,0.256973,,47-0-34-1
train,train/images/train_0034_aug2.jpg,train_0034,2970,1,2970/037362.jpg,front,0.535991,0.758079,0.135855,0.234769,,47-0-34-1
train,train/images/train_0034_aug2.jpg,train_0034,7007,0,7007/113130.jpg,front,0.206343,0.693709,0.130653,0.245298,,47-0-34-1
train,train/images/train_0035.jpg,,4428,4,4428/021741.jpg,front,0.146608,0.699692,0.116989,0.211821,0.9352,47-0-35-0
train,train/images/train_0035.jpg,,7,3,7/157832.jpg,front,0.507905,0.71324,0.111805,0.170943,0.9348,47-0-35-0
train,train/images/train_0035.jpg,,7007,0,7007/158812.jpg,front,0.794184,0.690579,0.096796,0.175544,0.9263,47-0-35-0
train,train/images/train_0035_aug1.jpg,train_0035,4428,4,4428/021741.jpg,front,0.807496,0.706496,0.113289,0.227004,,47-0-35-0
train,train/images/train_0035_aug1.jpg,train_0035,7,3,7/157832.jpg,front,0.463413,0.770703,0.107862,0.18338,,47-0-35-0
train,train/images/train_0035_aug1.jpg,train_0035,7007,0,7007/158812.jpg,front,0.187882,0.78588,0.093738,0.188125,,47-0-35-0
train,train/images/train_0035_aug2.jpg,train_0035,4428,4,4428/021741.jpg,front,0.149372,0.638219,0.112584,0.193269,,47-0-35-0
train,train/images/train_0035_aug2.jpg,train_0035,7,3,7/157832.jpg,front,0.493486,0.694998,0.107358,0.156147,,47-0-35-0
train,train/images/train_0035_aug2.jpg,train_0035,7007,0,7007/158812.jpg,front,0.768352,0.709602,0.093154,0.160168,,47-0-35-0
train,train/images/train_0036.jpg,,2970,1,2970/040067.jpg,front,0.184479,0.766857,0.142915,0.254812,0.9466,47-0-36-1
train,train/images/train_0036.jpg,,7007,0,7007/009812.jpg,front,0.474543,0.771074,0.123238,0.217256,0.9432,47-0-36-1
train,train/images/train_0036.jpg,,2336,2,2336/180987.jpg,front,0.788613,0.77255,0.137871,0.262689,0.9453,47-0-36-1
train,train/images/train_0036_aug1.jpg,train_0036,2970,1,2970/040067.jpg,front,0.110505,0.731307,0.163165,0.266559,,47-0-36-1
train,train/images/train_0036_aug1.jpg,train_0036,7007,0,7007/009812.jpg,front,0.441661,0.736808,0.1407,0.227271,,47-0-36-1
train,train/images/train_0036_aug1.jpg,train_0036,2336,2,2336/180987.jpg,front,0.80023,0.739531,0.157407,0.274799,,47-0-36-1
train,train/images/train_0036_aug2.jpg,train_0036,2970,1,2970/040067.jpg,front,0.191882,0.836978,0.141369,0.266044,,47-0-36-1
train,train/images/train_0036_aug2.jpg,train_0036,7007,0,7007/009812.jpg,front,0.476977,0.808714,0.121885,0.226841,,47-0-36-1
train,train/images/train_0036_aug2.jpg,train_0036,2336,2,2336/180987.jpg,front,0.785459,0.774889,0.136518,0.274212,,47-0-36-1
train,train/images/train_0037.jpg,,4428,4,4428/053931.jpg,front,0.259663,0.833956,0.160754,0.288851,0.9429,47-0-37-0
train,train/images/train_0037.jpg,,7007,0,7007/067739.jpg,front,0.689594,0.794042,0.162115,0.281867,0.9211,47-0-37-0
train,train/images/train_0037_aug1.jpg,train_0037,4428,4,4428/053931.jpg,front,0.265822,0.835258,0.144118,0.29884,,47-0-37-0
train,train/images/train_0037_aug1.jpg,train_0037,7007,0,7007/067739.jpg,front,0.651776,0.809208,0.145326,0.291618,,47-0-37-0
train,train/images/train_0037_aug2.jpg,train_0037,4428,4,4428/053931.jpg,front,0.811188,0.800311,0.176337,0.313353,,47-0-37-0
train,train/images/train_0037_aug2.jpg,train_0037,7007,0,7007/067739.jpg,front,0.339823,0.810032,0.177762,0.305822,,47-0-37-0
train,train/images/train_0038.jpg,,7007,0,7007/017103.jpg,front,0.104039,0.652752,0.09326,0.170016,0.9421,47-0-38-0
train,train/images/train_0038.jpg,,4428,4,4428/144087.jpg,front,0.370788,0.684764,0.104419,0.190187,0.9401,47-0-38-0
train,train/images/train_0038.jpg,,7,3,7/003099.jpg,front,0.609043,0.64632,0.123227,0.202959,0.9341,47-0-38-0
train,train/images/train_0038.jpg,,2970,1,2970/056956.jpg,front,0.847105,0.645114,0.107004,0.188575,0.9369,47-0-38-0
train,train/images/train_0038_aug1.jpg,train_0038,7007,0,7007/017103.jpg,front,0.080127,0.634888,0.091142,0.173864,,47-0-38-0
train,train/images/train_0038_aug1.jpg,train_0038,4428,4,4428/144087.jpg,front,0.340986,0.665146,0.102048,0.194491,,47-0-38-0
train,train/images/train_0038_aug1.jpg,train_0038,7,3,7/003099.jpg,front,0.573615,0.623618,0.120426,0.207552,,47-0-38-0
train,train/images/train_0038_aug1.jpg,train_0038,2970,1,2970/056956.jpg,front,0.806258,0.620173,0.104574,0.192842,,47-0-38-0
train,train/images/train_0038_aug2.jpg,train_0038,7007,0,7007/017103.jpg,front,0.115428,0.744541,0.091322,0.177581,,47-0-38-0
train,train/images/train_0038_aug2.jpg,train_0038,4428,4,4428/144087.jpg,front,0.376595,0.746275,0.102247,0.19865,,47-0-38-0
train,train/images/train_0038_aug2.jpg,train_0038,7,3,7/003099.jpg,front,0.60506,0.677938,0.12047,0.212088,,47-0-38-0
train,train/images/train_0038_aug2.jpg,train_0038,2970,1,2970/056956.jpg,front,0.836006,0.648444,0.104718,0.196995,,47-0-38-0
train,train/images/train_0039.jpg,,4428,4,4428/096574.jpg,front,0.140245,0.832188,0.1469,0.265188,0.9483,47-0-39-2
train,train/images/train_0039.jpg,,2336,2,2336/174818.jpg,front,0.526973,0.814175,0.127722,0.2392,0.9422,47-0-39-2
train,train/images/train_0039.jpg,,7007,0,7007/122097.jpg,front,0.8532,0.818185,0.116803,0.201367,0.9323,47-0-39-2
train,train/images/train_0039_aug1.jpg,train_0039,4428,4,4428/096574.jpg,front,0.083084,0.796536,0.161501,0.235295,,47-0-39-2
train,train/images/train_0039_aug1.jpg,train_0039,2336,2,2336/174818.jpg,front,0.50671,0.747745,0.14044,0.212215,,47-0-39-2
train,train/images/train_0039_aug1.jpg,train_0039,7007,0,7007/122097.jpg,front,0.864803,0.723603,0.128388,0.178692,,47-0-39-2
train,train/images/train_0039_aug2.jpg,train_0039,4428,4,4428/096574.jpg,front,0.107159,0.779051,0.158355,0.229189,,47-0-39-2
train,train/images/train_0039_aug2.jpg,train_0039,2336,2,2336/174818.jpg,front,0.522864,0.735998,0.137696,0.206711,,47-0-39-2
train,train/images/train_0039_aug2.jpg,train_0039,7007,0,7007/122097.jpg,front,0.874151,0.716263,0.125895,0.174051,,47-0-39-2
train,train/images/train_0040.jpg,,2336,2,2336/178941.jpg,front,0.208072,0.753919,0.10327,0.182856,0.9358,47-0-40-1
train,train/images/train_0040.jpg,,7007,0,7007/010363.jpg,front,0.732319,0.773671,0.086841,0.16573,0.9302,47-0-40-1
train,train/images/train_0040.jpg,,4428,4,4428/021741.jpg,back,0.470609,0.61421,0.089589,0.161789,0.9322,47-0-40-1
train,train/images/train_0040.jpg,,7,3,7/045626.jpg,back,0.08936,0.625243,0.087773,0.159733,0.95,47-0-40-1
train,train/images/train_0040_aug1.jpg,train_0040,2336,2,2336/178941.jpg,front,0.246829,0.789961,0.11194,0.209739,,47-0-40-1
train,train/images/train_0040_aug1.jpg,train_0040,7007,0,7007/010363.jpg,front,0.811732,0.741898,0.094266,0.190031,,47-0-40-1
train,train/images/train_0040_aug1.jpg,train_0040,4428,4,4428/021741.jpg,back,0.517643,0.594675,0.097146,0.185558,,47-0-40-1
train,train/images/train_0040_aug1.jpg,train_0040,7,3,7/045626.jpg,back,0.108879,0.658694,0.095191,0.183194,,47-0-40-1
train,train/images/train_0040_aug2.jpg,train_0040,2336,2,2336/178941.jpg,front,0.23112,0.677581,0.102564,0.184484,,47-0-40-1
train,train/images/train_0040_aug2.jpg,train_0040,7007,0,7007/010363.jpg,front,0.747395,0.753995,0.086334,0.167168,,47-0-40-1
train,train/images/train_0040_aug2.jpg,train_0040,4428,4,4428/021741.jpg,back,0.498921,0.565186,0.088998,0.16322,,47-0-40-1
train,train/images/train_0040_aug2.jpg,train_0040,7,3,7/045626.jpg,back,0.121898,0.535191,0.087202,0.161142,,47-0-40-1
train,train/images/train_0041.jpg,,2970,1,2970/143208.jpg,front,0.186951,0.741816,0.114073,0.20177,0.9267,47-0-41-0
train,train/images/train_0041.jpg,,4428,4,4428/121977.jpg,front,0.538596,0.730998,0.119712,0.222398,0.9456,47-0-41-0
train,train/images/train_0041.jpg,,7,3,7/157832.jpg,front,0.858031,0.728207,0.131723,0.215465,0.9499,47-0-41-0
train,train/images/train_0041_aug1.jpg,train_0041,2970,1,2970/143208.jpg,front,0.777867,0.769177,0.119607,0.190185,,47-0-41-0
train,train/images/train_0041_aug1.jpg,train_0041,4428,4,4428/121977.jpg,front,0.412821,0.707971,0.125615,0.209551,,47-0-41-0
train,train/images/train_0041_aug1.jpg,train_0041,7,3,7/157832.jpg,front,0.080693,0.658978,0.137955,0.203219,,47-0-41-0
train,train/images/train_0041_aug2.jpg,train_0041,2970,1,2970/143208.jpg,front,0.813049,0.741816,0.114073,0.20177,,47-0-41-0
train,train/images/train_0041_aug2.jpg,train_0041,4428,4,4428/121977.jpg,front,0.461404,0.730998,0.119712,0.222398,,47-0-41-0
train,train/images/train_0041_aug2.jpg,train_0041,7,3,7/157832.jpg,front,0.141969,0.728207,0.131723,0.215466,,47-0-41-0
train,train/images/train_0042.jpg,,2970,1,2970/037362.jpg,front,0.168353,0.804883,0.104723,0.184818,0.9165,47-0-42-0
train,train/images/train_0042.jpg,,7007,0,7007/099068.jpg,front,0.544342,0.795197,0.090096,0.169437,0.9295,47-0-42-0
train,train/images/train_0042.jpg,,4428,4,4428/092959.jpg,front,0.853007,0.802419,0.101756,0.184015,0.934,47-0-42-0
train,train/images/train_0042_aug1.jpg,train_0042,2970,1,2970/037362.jpg,front,0.119418,0.849673,0.118224,0.201985,,47-0-42-0
train,train/images/train_0042_aug1.jpg,train_0042,7007,0,7007/099068.jpg,front,0.539411,0.781472,0.101834,0.185108,,47-0-42-0
train,train/images/train_0042_aug1.jpg,train_0042,4428,4,4428/092959.jpg,front,0.885473,0.742013,0.114927,0.201076,,47-0-42-0
train,train/images/train_0042_aug2.jpg,train_0042,2970,1,2970/037362.jpg,front,0.196472,0.8529,0.108922,0.198985,,47-0-42-0
train,train/images/train_0042_aug2.jpg,train_0042,7007,0,7007/099068.jpg,front,0.587574,0.844762,0.093709,0.182425,,47-0-42-0
train,train/images/train_0042_aug2.jpg,train_0042,4428,4,4428/092959.jpg,front,0.90859,0.854417,0.105836,0.19812,,47-0-42-0
train,train/images/train_0043.jpg,,2970,1,2970/079293.jpg,front,0.254505,0.821853,0.088069,0.154297,0.935,47-0-43-0
train,train/images/train_0043.jpg,,2336,2,2336/176923.jpg,front,0.715202,0.832843,0.093185,0.168579,0.9189,47-0-43-0
train,train/images/train_0043.jpg,,7,3,7/095162.jpg,back,0.443017,0.678734,0.086018,0.147438,0.9347,47-0-43-0
train,train/images/train_0043.jpg,,7007,0,7007/095414.jpg,back,0.057809,0.688392,0.075332,0.132516,0.9254,47-0-43-0
train,train/images/train_0043_aug1.jpg,train_0043,2970,1,2970/079293.jpg,front,0.324047,0.859353,0.076408,0.157351,,47-0-43-0
train,train/images/train_0043_aug1.jpg,train_0043,2336,2,2336/176923.jpg,front,0.723725,0.871568,0.080846,0.171915,,47-0-43-0
train,train/images/train_0043_aug1.jpg,train_0043,7,3,7/095162.jpg,back,0.487804,0.713814,0.074628,0.150357,,47-0-43-0
train,train/images/train_0043_aug1.jpg,train_0043,7007,0,7007/095414.jpg,back,0.153589,0.722821,0.065357,0.135139,,47-0-43-0
train,train/images/train_0043_aug2.jpg,train_0043,2970,1,2970/079293.jpg,front,0.271724,0.79729,0.085132,0.162966,,47-0-43-0
train,train/images/train_0043_aug2.jpg,train_0043,2336,2,2336/176923.jpg,front,0.716744,0.820067,0.09008,0.178048,,47-0-43-0
train,train/images/train_0043_aug2.jpg,train_0043,7,3,7/095162.jpg,back,0.456022,0.650713,0.083147,0.155722,,47-0-43-0
train,train/images/train_0043_aug2.jpg,train_0043,7007,0,7007/095414.jpg,back,0.083641,0.651573,0.07282,0.139961,,47-0-43-0
train,train/images/train_0044.jpg,,4428,4,4428/021741.jpg,front,0.128928,0.65967,0.119324,0.219897,0.9308,47-0-44-0
train,train/images/train_0044.jpg,,2336,2,2336/180987.jpg,front,0.287929,0.661548,0.104539,0.194442,0.9258,47-0-44-0
train,train/images/train_0044.jpg,,7,3,7/157436.jpg,front,0.474247,0.643756,0.117558,0.200103,0.9377,47-0-44-0
train,train/images/train_0044.jpg,,7007,0,7007/095414.jpg,front,0.71563,0.644106,0.10226,0.18485,0.9235,47-0-44-0
train,train/images/train_0044.jpg,,2970,1,2970/053583.jpg,front,0.915371,0.678487,0.104434,0.171404,0.9202,47-0-44-0
train,train/images/train_0044_aug1.jpg,train_0044,4428,4,4428/021741.jpg,front,0.128928,0.65967,0.119324,0.219897,,47-0-44-0
train,train/images/train_0044_aug1.jpg,train_0044,2336,2,2336/180987.jpg,front,0.287929,0.661548,0.104539,0.194442,,47-0-44-0
train,train/images/train_0044_aug1.jpg,train_0044,7,3,7/157436.jpg,front,0.474247,0.643756,0.117558,0.200103,,47-0-44-0
train,train/images/train_0044_aug1.jpg,train_0044,7007,0,7007/095414.jpg,front,0.71563,0.644106,0.10226,0.18485,,47-0-44-0
train,train/images/train_0044_aug1.jpg,train_0044,2970,1,2970/053583.jpg,front,0.915371,0.678487,0.104434,0.171404,,47-0-44-0
train,train/images/train_0044_aug2.jpg,train_0044,4428,4,4428/021741.jpg,front,0.162064,0.705428,0.120475,0.225747,,47-0-44-0
train,train/images/train_0044_aug2.jpg,train_0044,2336,2,2336/180987.jpg,front,0.321596,0.689442,0.105561,0.199609,,47-0-44-0
train,train/images/train_0044_aug2.jpg,train_0044,7,3,7/157436.jpg,front,0.50724,0.650223,0.118569,0.205491,,47-0-44-0
train,train/images/train_0044_aug2.jpg,train_0044,7007,0,7007/095414.jpg,front,0.749268,0.623393,0.103218,0.189779,,47-0-44-0
train,train/images/train_0044_aug2.jpg,train_0044,2970,1,2970/053583.jpg,front,0.949553,0.636129,0.100895,0.176048,,47-0-44-0
train,train/images/train_0045.jpg,,7,3,7/022384.jpg,front,0.252467,0.873675,0.129027,0.220533,0.9322,47-0-45-0
train,train/images/train_0045.jpg,,4428,4,4428/021741.jpg,front,0.72736,0.872639,0.13636,0.242446,0.9437,47-0-45-0
train,train/images/train_0045.jpg,,7007,0,7007/011677.jpg,back,0.494817,0.613924,0.109218,0.178819,0.9336,47-0-45-0
train,train/images/train_0045.jpg,,2970,1,2970/096579.jpg,back,0.911661,0.616257,0.099446,0.179635,0.9299,47-0-45-0
train,train/images/train_0045_aug1.jpg,train_0045,7,3,7/022384.jpg,front,0.252467,0.873675,0.129027,0.220533,,47-0-45-0
train,train/images/train_0045_aug1.jpg,train_0045,4428,4,4428/021741.jpg,front,0.72736,0.872639,0.13636,0.242446,,47-0-45-0
train,train/images/train_0045_aug1.jpg,train_0045,7007,0,7007/011677.jpg,back,0.494817,0.613924,0.109218,0.178819,,47-0-45-0
train,train/images/train_0045_aug1.jpg,train_0045,2970,1,2970/096579.jpg,back,0.911661,0.616257,0.099446,0.179635,,47-0-45-0
train,train/images/train_0045_aug2.jpg,train_0045,7,3,7/022384.jpg,front,0.719231,0.847717,0.113947,0.207127,,47-0-45-0
train,train/images/train_0045_aug2.jpg,train_0045,4428,4,4428/021741.jpg,front,0.299905,0.840174,0.120423,0.227708,,47-0-45-0
train,train/images/train_0045_aug2.jpg,train_0045,7007,0,7007/011677.jpg,back,0.507383,0.600404,0.096452,0.16795,,47-0-45-0
train,train/images/train_0045_aug2.jpg,train_0045,2970,1,2970/096579.jpg,back,0.139288,0.596829,0.087824,0.168715,,47-0-45-0
train,train/images/train_0046.jpg,,2970,1,2970/088573.jpg,front,0.235712,0.686847,0.090195,0.16441,0.9395,47-0-46-0
train,train/images/train_0046.jpg,,7007,0,7007/158812.jpg,front,0.785066,0.662885,0.0835,0.151081,0.9325,47-0-46-0
train,train/images/train_0046.jpg,,4428,4,4428/094613.jpg,back,0.488177,0.482999,0.077478,0.150884,0.9346,47-0-46-0
train,train/images/train_0046.jpg,,7,3,7/007335.jpg,back,0.079704,0.492792,0.08149,0.143592,0.9381,47-0-46-0
train,train/images/train_0046_aug1.jpg,train_0046,2970,1,2970/088573.jpg,front,0.792944,0.622745,0.083277,0.150981,,47-0-46-0
train,train/images/train_0046_aug1.jpg,train_0046,7007,0,7007/158812.jpg,front,0.286761,0.646418,0.07709,0.138743,,47-0-46-0
train,train/images/train_0046_aug1.jpg,train_0046,4428,4,4428/094613.jpg,back,0.551327,0.456757,0.071577,0.138537,,47-0-46-0
train,train/images/train_0046_aug1.jpg,train_0046,7,3,7/007335.jpg,back,0.927326,0.431796,0.075219,0.131875,,47-0-46-0
train,train/images/train_0046_aug2.jpg,train_0046,2970,1,2970/088573.jpg,front,0.282185,0.714604,0.082612,0.149597,,47-0-46-0
train,train/images/train_0046_aug2.jpg,train_0046,7007,0,7007/158812.jpg,front,0.78394,0.665793,0.076478,0.13747,,47-0-46-0
train,train/images/train_0046_aug2.jpg,train_0046,4428,4,4428/094613.jpg,back,0.50747,0.516785,0.070978,0.13728,,47-0-46-0
train,train/images/train_0046_aug2.jpg,train_0046,7,3,7/007335.jpg,back,0.134168,0.545781,0.074632,0.130659,,47-0-46-0
train,train/images/train_0047.jpg,,7007,0,7007/010363.jpg,front,0.189057,0.802629,0.123586,0.226661,0.9476,47-0-47-0
train,train/images/train_0047.jpg,,2336,2,2336/170089.jpg,front,0.713048,0.814429,0.118545,0.231735,0.9352,47-0-47-0
train,train/images/train_0047_aug1.jpg,train_0047,7007,0,7007/010363.jpg,front,0.757873,0.83645,0.109084,0.207241,,47-0-47-0
train,train/images/train_0047_aug1.jpg,train_0047,2336,2,2336/170089.jpg,front,0.295686,0.825054,0.104653,0.211875,,47-0-47-0
train,train/images/train_0047_aug2.jpg,train_0047,7007,0,7007/010363.jpg,front,0.859721,0.812746,0.12931,0.211232,,47-0-47-0
train,train/images/train_0047_aug2.jpg,train_0047,2336,2,2336/170089.jpg,front,0.312459,0.853166,0.124057,0.215945,,47-0-47-0
train,train/images/train_0048.jpg,,2970,1,2970/037013.jpg,front,0.156999,0.840231,0.154729,0.2593,0.9457,47-0-48-1
train,train/images/train_0048.jpg,,7007,0,7007/009812.jpg,front,0.47678,0.87063,0.122857,0.22431,0.941,47-0-48-1
train,train/images/train_0048.jpg,,7,3,7/009932.jpg,front,0.814238,0.867887,0.154031,0.247693,0.9415,47-0-48-1
train,train/images/train_0048_aug1.jpg,train_0048,2970,1,2970/037013.jpg,front,0.804941,0.879258,0.145048,0.241484,,47-0-48-1
train,train/images/train_0048_aug1.jpg,train_0048,7007,0,7007/009812.jpg,front,0.504881,0.880777,0.115265,0.212316,,47-0-48-1
train,train/images/train_0048_aug1.jpg,train_0048,7,3,7/009932.jpg,front,0.190048,0.847348,0.144346,0.234537,,47-0-48-1
train,train/images/train_0048_aug2.jpg,train_0048,2970,1,2970/037013.jpg,front,0.156999,0.840231,0.154729,0.2593,,47-0-48-1
train,train/images/train_0048_aug2.jpg,train_0048,7007,0,7007/009812.jpg,front,0.47678,0.87063,0.122857,0.22431,,47-0-48-1
train,train/images/train_0048_aug2.jpg,train_0048,7,3,7/009932.jpg,front,0.814238,0.867887,0.154031,0.247693,,47-0-48-1
train,train/images/train_0049.jpg,,2970,1,2970/053704.jpg,front,0.145655,0.817766,0.090873,0.170159,0.9445,47-0-49-0
train,train/images/train_0049.jpg,,7,3,7/090356.jpg,front,0.47288,0.776048,0.092116,0.146652,0.9334,47-0-49-0
train,train/images/train_0049.jpg,,4428,4,4428/144087.jpg,front,0.812951,0.764834,0.093297,0.173271,0.9321,47-0-49-0
train,train/images/train_0049_aug1.jpg,train_0049,2970,1,2970/053704.jpg,front,0.897493,0.832488,0.101574,0.153419,,47-0-49-0
train,train/images/train_0049_aug1.jpg,train_0049,7,3,7/090356.jpg,front,0.535435,0.756477,0.102846,0.132346,,47-0-49-0
train,train/images/train_0049_aug1.jpg,train_0049,4428,4,4428/144087.jpg,front,0.157447,0.706391,0.104276,0.156231,,47-0-49-0
train,train/images/train_0049_aug2.jpg,train_0049,2970,1,2970/053704.jpg,front,0.887323,0.770908,0.091717,0.145768,,47-0-49-0
train,train/images/train_0049_aug2.jpg,train_0049,7,3,7/090356.jpg,front,0.556549,0.745571,0.092961,0.125638,,47-0-49-0
train,train/images/train_0049_aug2.jpg,train_0049,4428,4,4428/144087.jpg,front,0.213278,0.746769,0.094163,0.148434,,47-0-49-0
train,train/images/train_0050.jpg,,2970,1,2970/040067.jpg,front,0.17042,0.684905,0.093756,0.180348,0.9326,47-0-50-0
train,train/images/train_0050.jpg,,2336,2,2336/180362.jpg,front,0.493611,0.677556,0.098133,0.184051,0.928,47-0-50-0
train,train/images/train_0050.jpg,,7007,0,7007/067739.jpg,front,0.853931,0.637703,0.096337,0.158442,0.924,47-0-50-0
train,train/images/train_0050_aug1.jpg,train_0050,2970,1,2970/040067.jpg,front,0.849851,0.721907,0.093078,0.202122,,47-0-50-0
train,train/images/train_0050_aug1.jpg,train_0050,2336,2,2336/180362.jpg,front,0.52917,0.707449,0.097422,0.206273,,47-0-50-0
train,train/images/train_0050_aug1.jpg,train_0050,7007,0,7007/067739.jpg,front,0.172035,0.655849,0.095635,0.177576,,47-0-50-0
train,train/images/train_0050_aug2.jpg,train_0050,2970,1,2970/040067.jpg,front,0.794569,0.68823,0.095211,0.191293,,47-0-50-0
train,train/images/train_0050_aug2.jpg,train_0050,2336,2,2336/180362.jpg,front,0.466925,0.701164,0.099643,0.195226,,47-0-50-0
train,train/images/train_0050_aug2.jpg,train_0050,7007,0,7007/067739.jpg,front,0.100445,0.682018,0.097762,0.168089,,47-0-50-0
train,train/images/train_0051.jpg,,4428,4,4428/053931.jpg,front,0.287748,0.686129,0.135068,0.249594,0.9411,47-0-51-0
train,train/images/train_0051.jpg,,7,3,7/019811.jpg,front,0.715449,0.687329,0.122002,0.232852,0.9327,47-0-51-0
train,train/images/train_0051.jpg,,2336,2,2336/164885.jpg,back,0.530839,0.468574,0.100357,0.192837,0.9373,47-0-51-0
train,train/images/train_0051.jpg,,7007,0,7007/011677.jpg,back,0.098252,0.468212,0.102758,0.172785,0.9346,47-0-51-0
train,train/images/train_0051_aug1.jpg,train_0051,4428,4,4428/053931.jpg,front,0.28882,0.698833,0.126808,0.272944,,47-0-51-0
train,train/images/train_0051_aug1.jpg,train_0051,7,3,7/019811.jpg,front,0.685767,0.749273,0.114629,0.254612,,47-0-51-0
train,train/images/train_0051_aug1.jpg,train_0051,2336,2,2336/164885.jpg,back,0.531016,0.489232,0.094308,0.210854,,47-0-51-0
train,train/images/train_0051_aug1.jpg,train_0051,7007,0,7007/011677.jpg,back,0.12947,0.439145,0.09629,0.18901,,47-0-51-0
train,train/images/train_0051_aug2.jpg,train_0051,4428,4,4428/053931.jpg,front,0.744655,0.71347,0.144319,0.260326,,47-0-51-0
train,train/images/train_0051_aug2.jpg,train_0051,7,3,7/019811.jpg,front,0.287732,0.705967,0.13036,0.242862,,47-0-51-0
train,train/images/train_0051_aug2.jpg,train_0051,2336,2,2336/164885.jpg,back,0.487408,0.481593,0.107232,0.201127,,47-0-51-0
train,train/images/train_0051_aug2.jpg,train_0051,7007,0,7007/011677.jpg,back,0.947322,0.490069,0.105355,0.180218,,47-0-51-0
train,train/images/train_0052.jpg,,2336,2,2336/172268.jpg,front,0.141283,0.611388,0.101847,0.185506,0.9071,47-0-52-1
train,train/images/train_0052.jpg,,7007,0,7007/067739.jpg,front,0.3471,0.631056,0.117943,0.201562,0.9262,47-0-52-1
train,train/images/train_0052.jpg,,4428,4,4428/057432.jpg,front,0.629851,0.596956,0.129372,0.233137,0.949,47-0-52-1
train,train/images/train_0052.jpg,,2970,1,2970/096579.jpg,front,0.871335,0.618938,0.10414,0.192072,0.9231,47-0-52-1
train,train/images/train_0052_aug1.jpg,train_0052,2336,2,2336/172268.jpg,front,0.858717,0.611388,0.101847,0.185506,,47-0-52-1
train,train/images/train_0052_aug1.jpg,train_0052,7007,0,7007/067739.jpg,front,0.6529,0.631056,0.117943,0.201562,,47-0-52-1
train,train/images/train_0052_aug1.jpg,train_0052,4428,4,4428/057432.jpg,front,0.370149,0.596956,0.129372,0.233137,,47-0-52-1
train,train/images/train_0052_aug1.jpg,train_0052,2970,1,2970/096579.jpg,front,0.128665,0.618938,0.10414,0.192072,,47-0-52-1
train,train/images/train_0052_aug2.jpg,train_0052,2336,2,2336/172268.jpg,front,0.859585,0.646212,0.09784,0.194094,,47-0-52-1
train,train/images/train_0052_aug2.jpg,train_0052,7007,0,7007/067739.jpg,front,0.663238,0.635143,0.113084,0.210991,,47-0-52-1
train,train/images/train_0052_aug2.jpg,train_0052,4428,4,4428/057432.jpg,front,0.399319,0.556193,0.124242,0.243949,,47-0-52-1
train,train/images/train_0052_aug2.jpg,train_0052,2970,1,2970/096579.jpg,front,0.16905,0.542065,0.100084,0.200946,,47-0-52-1
train,train/images/train_0053.jpg,,7,3,7/007335.jpg,front,0.091475,0.660638,0.101219,0.181045,0.9305,47-0-53-0
train,train/images/train_0053.jpg,,2336,2,2336/174476.jpg,front,0.313783,0.63029,0.092622,0.172572,0.9295,47-0-53-0
train,train/images/train_0053.jpg,,4428,4,4428/021741.jpg,front,0.500654,0.66333,0.102895,0.182628,0.9254,47-0-53-0
train,train/images/train_0053.jpg,,7007,0,7007/122097.jpg,front,0.688082,0.675834,0.082307,0.144553,0.9352,47-0-53-0
train,train/images/train_0053.jpg,,2970,1,2970/023824.jpg,front,0.893422,0.661228,0.098402,0.176659,0.9282,47-0-53-0
train,train/images/train_0053_aug1.jpg,train_0053,7,3,7/007335.jpg,front,0.100132,0.593431,0.097696,0.159727,,47-0-53-0
train,train/images/train_0053_aug1.jpg,train_0053,2336,2,2336/174476.jpg,front,0.315177,0.575688,0.089403,0.152249,,47-0-53-0
train,train/images/train_0053_aug1.jpg,train_0053,4428,4,4428/021741.jpg,front,0.494721,0.612415,0.099313,0.161124,,47-0-53-0
train,train/images/train_0053_aug1.jpg,train_0053,7007,0,7007/122097.jpg,front,0.675229,0.631051,0.07944,0.127533,,47-0-53-0
train,train/images/train_0053_aug1.jpg,train_0053,2970,1,2970/023824.jpg,front,0.87358,0.626505,0.094977,0.155857,,47-0-53-0
train,train/images/train_0053_aug2.jpg,train_0053,7,3,7/007335.jpg,front,0.145957,0.705648,0.09994,0.202635,,47-0-53-0
train,train/images/train_0053_aug2.jpg,train_0053,2336,2,2336/174476.jpg,front,0.362398,0.651196,0.091494,0.193133,,47-0-53-0
train,train/images/train_0053_aug2.jpg,train_0053,4428,4,4428/021741.jpg,front,0.547801,0.670889,0.101586,0.20441,,47-0-53-0
train,train/images/train_0053_aug2.jpg,train_0053,7007,0,7007/122097.jpg,front,0.732535,0.667569,0.08125,0.161798,,47-0-53-0
train,train/images/train_0053_aug2.jpg,train_0053,2970,1,2970/023824.jpg,front,0.93325,0.632285,0.097162,0.197723,,47-0-53-0
train,train/images/train_0054.jpg,,2336,2,2336/177788.jpg,front,0.155751,0.82354,0.120897,0.251511,0.9522,47-0-54-1
train,train/images/train_0054.jpg,,7007,0,7007/036181.jpg,front,0.484568,0.839115,0.121397,0.228064,0.9347,47-0-54-1
train,train/images/train_0054.jpg,,2970,1,2970/056956.jpg,front,0.848088,0.838595,0.136833,0.248783,0.9465,47-0-54-1
train,train/images/train_0054_aug1.jpg,train_0054,2336,2,2336/177788.jpg,front,0.133665,0.754125,0.130294,0.233513,,47-0-54-1
train,train/images/train_0054_aug1.jpg,train_0054,7007,0,7007/036181.jpg,front,0.486427,0.795009,0.130765,0.211786,,47-0-54-1
train,train/images/train_0054_aug1.jpg,train_0054,2970,1,2970/056956.jpg,front,0.877113,0.823752,0.14737,0.231045,,47-0-54-1
train,train/images/train_0054_aug2.jpg,train_0054,2336,2,2336/177788.jpg,front,0.155751,0.82354,0.120898,0.251511,,47-0-54-1
train,train/images/train_0054_aug2.jpg,train_0054,7007,0,7007/036181.jpg,front,0.484568,0.839115,0.121397,0.228063,,47-0-54-1
train,train/images/train_0054_aug2.jpg,train_0054,2970,1,2970/056956.jpg,front,0.848088,0.838595,0.136833,0.248783,,47-0-54-1
train,train/images/train_0055.jpg,,7007,0,7007/017103.jpg,front,0.109714,0.77022,0.08722,0.164587,0.9368,47-0-55-0
train,train/images/train_0055.jpg,,4428,4,4428/005770.jpg,front,0.383864,0.790865,0.101117,0.17943,0.9385,47-0-55-0
train,train/images/train_0055.jpg,,7,3,7/019811.jpg,front,0.654242,0.77384,0.100466,0.187429,0.9223,47-0-55-0
train,train/images/train_0055.jpg,,2336,2,2336/172268.jpg,front,0.870682,0.814587,0.089852,0.168113,0.9256,47-0-55-0
train,train/images/train_0055_aug1.jpg,train_0055,7007,0,7007/017103.jpg,front,0.890285,0.77022,0.08722,0.164587,,47-0-55-0
train,train/images/train_0055_aug1.jpg,train_0055,4428,4,4428/005770.jpg,front,0.616136,0.790865,0.101117,0.17943,,47-0-55-0
train,train/images/train_0055_aug1.jpg,train_0055,7,3,7/019811.jpg,front,0.345758,0.77384,0.100466,0.187429,,47-0-55-0
train,train/images/train_0055_aug1.jpg,train_0055,2336,2,2336/172268.jpg,front,0.129318,0.814587,0.089852,0.168113,,47-0-55-0
train,train/images/train_0055_aug2.jpg,train_0055,7007,0,7007/017103.jpg,front,0.079318,0.738364,0.089933,0.141486,,47-0-55-0
train,train/images/train_0055_aug2.jpg,train_0055,4428,4,4428/005770.jpg,front,0.362219,0.744769,0.104255,0.154252,,47-0-55-0
train,train/images/train_0055_aug2.jpg,train_0055,7,3,7/019811.jpg,front,0.640502,0.718956,0.10359,0.161122,,47-0-55-0
train,train/images/train_0055_aug2.jpg,train_0055,2336,2,2336/172268.jpg,front,0.864326,0.745024,0.092647,0.144517,,47-0-55-0
train,train/images/train_0056.jpg,,2970,1,2970/023824.jpg,front,0.193049,0.790839,0.107329,0.185938,0.9268,47-0-56-0
train,train/images/train_0056.jpg,,7007,0,7007/095414.jpg,front,0.532338,0.80098,0.106344,0.196198,0.9189,47-0-56-0
train,train/images/train_0056.jpg,,4428,4,4428/053403.jpg,front,0.803194,0.825013,0.104945,0.185257,0.9375,47-0-56-0
train,train/images/train_0056_aug1.jpg,train_0056,2970,1,2970/023824.jpg,front,0.806951,0.790839,0.107329,0.185938,,47-0-56-0
train,train/images/train_0056_aug1.jpg,train_0056,7007,0,7007/095414.jpg,front,0.467662,0.80098,0.106344,0.196198,,47-0-56-0
train,train/images/train_0056_aug1.jpg,train_0056,4428,4,4428/053403.jpg,front,0.196806,0.825013,0.104945,0.185257,,47-0-56-0
train,train/images/train_0056_aug2.jpg,train_0056,2970,1,2970/023824.jpg,front,0.124883,0.788674,0.118138,0.192456,,47-0-56-0
train,train/images/train_0056_aug2.jpg,train_0056,7007,0,7007/095414.jpg,front,0.497405,0.821808,0.117075,0.20306,,47-0-56-0
train,train/images/train_0056_aug2.jpg,train_0056,4428,4,4428/053403.jpg,front,0.794229,0.864744,0.11552,0.191746,,47-0-56-0
train,train/images/train_0057.jpg,,7,3,7/140464.jpg,front,0.151571,0.820214,0.151277,0.243833,0.9473,47-0-57-1
train,train/images/train_0057.jpg,,2970,1,2970/115896.jpg,front,0.478711,0.820696,0.13393,0.228853,0.9367,47-0-57-1
train,train/images/train_0057.jpg,,2336,2,2336/180362.jpg,front,0.844146,0.796843,0.137383,0.242756,0.9417,47-0-57-1
train,train/images/train_0057_aug1.jpg,train_0057,7,3,7/140464.jpg,front,0.107249,0.869929,0.165695,0.260143,,47-0-57-1
train,train/images/train_0057_aug1.jpg,train_0057,2970,1,2970/115896.jpg,front,0.46537,0.856869,0.146705,0.244572,,47-0-57-1
train,train/images/train_0057_aug1.jpg,train_0057,2336,2,2336/180362.jpg,front,0.86485,0.815972,0.150494,0.259426,,47-0-57-1
train,train/images/train_0057_aug2.jpg,train_0057,7,3,7/140464.jpg,front,0.848429,0.820214,0.151278,0.243833,,47-0-57-1
train,train/images/train_0057_aug2.jpg,train_0057,2970,1,2970/115896.jpg,front,0.521289,0.820696,0.13393,0.228853,,47-0-57-1
train,train/images/train_0057_aug2.jpg,train_0057,2336,2,2336/180362.jpg,front,0.155854,0.796843,0.137383,0.242756,,47-0-57-1
train,train/images/train_0058.jpg,,2336,2,2336/181421.jpg,front,0.150852,0.685277,0.10244,0.186332,0.9285,47-0-58-0
train,train/images/train_0058.jpg,,7007,0,7007/017103.jpg,front,0.533278,0.671189,0.088852,0.163907,0.9375,47-0-58-0
train,train/images/train_0058.jpg,,2970,1,2970/053704.jpg,front,0.861144,0.642521,0.097038,0.175349,0.9322,47-0-58-0
train,train/images/train_0058_aug1.jpg,train_0058,2336,2,2336/181421.jpg,front,0.863768,0.678104,0.114611,0.195036,,47-0-58-0
train,train/images/train_0058_aug1.jpg,train_0058,7007,0,7007/017103.jpg,front,0.436666,0.700518,0.099419,0.171557,,47-0-58-0
train,train/images/train_0058_aug1.jpg,train_0058,2970,1,2970/053704.jpg,front,0.069649,0.702393,0.108562,0.183544,,47-0-58-0
train,train/images/train_0058_aug2.jpg,train_0058,2336,2,2336/181421.jpg,front,0.855718,0.702722,0.112828,0.190733,,47-0-58-0
train,train/images/train_0058_aug2.jpg,train_0058,7007,0,7007/017103.jpg,front,0.434636,0.683115,0.097862,0.167779,,47-0-58-0
train,train/images/train_0058_aug2.jpg,train_0058,2970,1,2970/053704.jpg,front,0.073747,0.649323,0.106877,0.179491,,47-0-58-0
train,train/images/train_0059.jpg,,7007,0,7007/017103.jpg,front,0.186464,0.703063,0.11568,0.212277,0.9409,47-0-59-0
train,train/images/train_0059.jpg,,4428,4,4428/092959.jpg,front,0.51206,0.709515,0.123601,0.232903,0.9411,47-0-59-0
train,train/images/train_0059.jpg,,2970,1,2970/056956.jpg,front,0.822399,0.695295,0.124073,0.233224,0.9391,47-0-59-0
train,train/images/train_0059_aug1.jpg,train_0059,7007,0,7007/017103.jpg,front,0.190566,0.71805,0.110446,0.22611,,47-0-59-0
train,train/images/train_0059_aug1.jpg,train_0059,4428,4,4428/092959.jpg,front,0.501255,0.731748,0.11801,0.24808,,47-0-59-0
train,train/images/train_0059_aug1.jpg,train_0059,2970,1,2970/056956.jpg,front,0.797652,0.723107,0.11846,0.248422,,47-0-59-0
train,train/images/train_0059_aug2.jpg,train_0059,7007,0,7007/017103.jpg,front,0.205516,0.667408,0.106013,0.201277,,47-0-59-0
train,train/images/train_0059_aug2.jpg,train_0059,4428,4,4428/092959.jpg,front,0.503698,0.659762,0.113279,0.220832,,47-0-59-0
train,train/images/train_0059_aug2.jpg,train_0059,2970,1,2970/056956.jpg,front,0.787406,0.633165,0.113711,0.221137,,47-0-59-0
train,train/images/train_0060.jpg,,7007,0,7007/011677.jpg,front,0.209062,0.809476,0.115228,0.188809,0.9317,47-0-60-0
train,train/images/train_0060.jpg,,4428,4,4428/053931.jpg,front,0.516708,0.800803,0.111191,0.203061,0.9307,47-0-60-0
train,train/images/train_0060.jpg,,2970,1,2970/059300.jpg,front,0.823609,0.821989,0.115851,0.193557,0.9308,47-0-60-0
train,train/images/train_0060_aug1.jpg,train_0060,7007,0,7007/011677.jpg,front,0.209062,0.809476,0.115228,0.188809,,47-0-60-0
train,train/images/train_0060_aug1.jpg,train_0060,4428,4,4428/053931.jpg,front,0.516708,0.800803,0.111191,0.203061,,47-0-60-0
train,train/images/train_0060_aug1.jpg,train_0060,2970,1,2970/059300.jpg,front,0.823609,0.821989,0.115851,0.193557,,47-0-60-0
train,train/images/train_0060_aug2.jpg,train_0060,7007,0,7007/011677.jpg,front,0.74669,0.892289,0.105696,0.199958,,47-0-60-0
train,train/images/train_0060_aug2.jpg,train_0060,4428,4,4428/053931.jpg,front,0.466868,0.8531,0.102155,0.214987,,47-0-60-0
train,train/images/train_0060_aug2.jpg,train_0060,2970,1,2970/059300.jpg,front,0.185823,0.845556,0.106297,0.204975,,47-0-60-0
train,train/images/train_0061.jpg,,7007,0,7007/095414.jpg,front,0.233121,0.765527,0.126585,0.23392,0.9407,47-0-61-0
train,train/images/train_0061.jpg,,2336,2,2336/180987.jpg,front,0.72189,0.748344,0.117963,0.209035,0.9279,47-0-61-0
train,train/images/train_0061_aug1.jpg,train_0061,7007,0,7007/095414.jpg,front,0.846177,0.747842,0.143282,0.262265,,47-0-61-0
train,train/images/train_0061_aug1.jpg,train_0061,2336,2,2336/180987.jpg,front,0.296526,0.800261,0.133424,0.234415,,47-0-61-0
train,train/images/train_0061_aug2.jpg,train_0061,7007,0,7007/095414.jpg,front,0.766879,0.765527,0.126585,0.23392,,47-0-61-0
train,train/images/train_0061_aug2.jpg,train_0061,2336,2,2336/180987.jpg,front,0.27811,0.748344,0.117963,0.209035,,47-0-61-0
train,train/images/train_0062.jpg,,2970,1,2970/037362.jpg,front,0.079639,0.762154,0.11232,0.186753,0.9118,47-0-62-0
train,train/images/train_0062.jpg,,2336,2,2336/177788.jpg,front,0.284867,0.745572,0.102445,0.19001,0.931,47-0-62-0
train,train/images/train_0062.jpg,,7007,0,7007/035390.jpg,front,0.480801,0.764759,0.102367,0.184443,0.9251,47-0-62-0
train,train/images/train_0062.jpg,,7,3,7/019811.jpg,front,0.723808,0.70105,0.114695,0.218506,0.9309,47-0-62-0
train,train/images/train_0062.jpg,,4428,4,4428/094613.jpg,front,0.919455,0.720681,0.097505,0.186789,0.9297,47-0-62-0
train,train/images/train_0062_aug1.jpg,train_0062,2970,1,2970/037362.jpg,front,0.134701,0.87657,0.106157,0.201621,,47-0-62-0
train,train/images/train_0062_aug1.jpg,train_0062,2336,2,2336/177788.jpg,front,0.324797,0.830549,0.097113,0.205023,,47-0-62-0
train,train/images/train_0062_aug1.jpg,train_0062,7007,0,7007/035390.jpg,front,0.509403,0.824309,0.096956,0.199045,,47-0-62-0
train,train/images/train_0062_aug1.jpg,train_0062,7,3,7/019811.jpg,front,0.730568,0.722371,0.108815,0.235741,,47-0-62-0
train,train/images/train_0062_aug1.jpg,train_0062,4428,4,4428/094613.jpg,front,0.914946,0.716648,0.092523,0.201517,,47-0-62-0
train,train/images/train_0062_aug2.jpg,train_0062,2970,1,2970/037362.jpg,front,0.060093,0.864011,0.120186,0.190271,,47-0-62-0
train,train/images/train_0062_aug2.jpg,train_0062,2336,2,2336/177788.jpg,front,0.27671,0.815605,0.109978,0.19343,,47-0-62-0
train,train/images/train_0062_aug2.jpg,train_0062,7007,0,7007/035390.jpg,front,0.486485,0.80492,0.109833,0.187802,,47-0-62-0
train,train/images/train_0062_aug2.jpg,train_0062,7,3,7/019811.jpg,front,0.739424,0.702884,0.123196,0.222397,,47-0-62-0
train,train/images/train_0062_aug2.jpg,train_0062,4428,4,4428/094613.jpg,front,0.948279,0.692694,0.103441,0.190108,,47-0-62-0
train,train/images/train_0063.jpg,,2336,2,2336/170089.jpg,front,0.21828,0.828541,0.134334,0.239014,0.9423,47-0-63-0
train,train/images/train_0063.jpg,,7,3,7/095162.jpg,front,0.67666,0.815815,0.139685,0.239507,0.9344,47-0-63-0
train,train/images/train_0063.jpg,,4428,4,4428/021741.jpg,back,0.473262,0.532035,0.124819,0.224888,0.9473,47-0-63-0
train,train/images/train_0063.jpg,,7007,0,7007/158812.jpg,back,0.069324,0.520268,0.097014,0.182501,0.9344,47-0-63-0
train,train/images/train_0063_aug1.jpg,train_0063,2336,2,2336/170089.jpg,front,0.289346,0.782005,0.118536,0.234624,,47-0-63-0
train,train/images/train_0063_aug1.jpg,train_0063,7,3,7/095162.jpg,front,0.693456,0.791839,0.123242,0.235117,,47-0-63-0
train,train/images/train_0063_aug1.jpg,train_0063,4428,4,4428/021741.jpg,back,0.522973,0.503466,0.110147,0.220755,,47-0-63-0
train,train/images/train_0063_aug1.jpg,train_0063,7007,0,7007/158812.jpg,back,0.16756,0.472249,0.085627,0.17914,,47-0-63-0
train,train/images/train_0063_aug2.jpg,train_0063,2336,2,2336/170089.jpg,front,0.78172,0.828541,0.134334,0.239014,,47-0-63-0
train,train/images/train_0063_aug2.jpg,train_0063,7,3,7/095162.jpg,front,0.32334,0.815815,0.139685,0.239507,,47-0-63-0
train,train/images/train_0063_aug2.jpg,train_0063,4428,4,4428/021741.jpg,back,0.526738,0.532035,0.124819,0.224888,,47-0-63-0
train,train/images/train_0063_aug2.jpg,train_0063,7007,0,7007/158812.jpg,back,0.930676,0.520268,0.097014,0.182501,,47-0-63-0
train,train/images/train_0064.jpg,,7007,0,7007/017103.jpg,front,0.283683,0.756685,0.104365,0.190611,0.9282,47-0-64-0
train,train/images/train_0064.jpg,,7,3,7/017587.jpg,front,0.702308,0.769281,0.110843,0.183939,0.9291,47-0-64-0
train,train/images/train_0064_aug1.jpg,train_0064,7007,0,7007/017103.jpg,front,0.267296,0.69386,0.104641,0.183854,,47-0-64-0
train,train/images/train_0064_aug1.jpg,train_0064,7,3,7/017587.jpg,front,0.685808,0.732262,0.111102,0.177441,,47-0-64-0
train,train/images/train_0064_aug2.jpg,train_0064,7007,0,7007/017103.jpg,front,0.716317,0.756685,0.104365,0.190611,,47-0-64-0
train,train/images/train_0064_aug2.jpg,train_0064,7,3,7/017587.jpg,front,0.297692,0.769281,0.110843,0.183939,,47-0-64-0
train,train/images/train_0065.jpg,,2970,1,2970/096579.jpg,front,0.14738,0.850973,0.11448,0.206561,0.9211,47-0-65-0
train,train/images/train_0065.jpg,,7007,0,7007/095414.jpg,front,0.494437,0.84145,0.141489,0.264176,0.9384,47-0-65-0
train,train/images/train_0065.jpg,,2336,2,2336/165685.jpg,front,0.855967,0.835241,0.115637,0.217405,0.9275,47-0-65-0
train,train/images/train_0065_aug1.jpg,train_0065,2970,1,2970/096579.jpg,front,0.902657,0.879248,0.131629,0.202403,,47-0-65-0
train,train/images/train_0065_aug1.jpg,train_0065,7007,0,7007/095414.jpg,front,0.503559,0.872537,0.162685,0.254926,,47-0-65-0
train,train/images/train_0065_aug1.jpg,train_0065,2336,2,2336/165685.jpg,front,0.087842,0.873196,0.132961,0.213028,,47-0-65-0
train,train/images/train_0065_aug2.jpg,train_0065,2970,1,2970/096579.jpg,front,0.85262,0.850973,0.11448,0.206561,,47-0-65-0
train,train/images/train_0065_aug2.jpg,train_0065,7007,0,7007/095414.jpg,front,0.505563,0.84145,0.141489,0.264176,,47-0-65-0
train,train/images/train_0065_aug2.jpg,train_0065,2336,2,2336/165685.jpg,front,0.144033,0.835241,0.115637,0.217405,,47-0-65-0
train,train/images/train_0066.jpg,,7,3,7/002065.jpg,front,0.141518,0.6228,0.109882,0.182238,0.9274,47-0-66-1
train,train/images/train_0066.jpg,,2336,2,2336/172268.jpg,front,0.526969,0.644833,0.100904,0.185165,0.925,47-0-66-1
train,train/images/train_0066.jpg,,2970,1,2970/037013.jpg,front,0.849506,0.628066,0.108344,0.195886,0.9467,47-0-66-1
train,train/images/train_0066_aug1.jpg,train_0066,7,3,7/002065.jpg,front,0.92091,0.537251,0.119881,0.166152,,47-0-66-1
train,train/images/train_0066_aug1.jpg,train_0066,2336,2,2336/172268.jpg,front,0.502517,0.59614,0.110148,0.168747,,47-0-66-1
train,train/images/train_0066_aug1.jpg,train_0066,2970,1,2970/037013.jpg,front,0.150746,0.613392,0.118258,0.178526,,47-0-66-1
train,train/images/train_0066_aug2.jpg,train_0066,7,3,7/002065.jpg,front,0.843193,0.720136,0.104292,0.200159,,47-0-66-1
train,train/images/train_0066_aug2.jpg,train_0066,2336,2,2336/172268.jpg,front,0.479652,0.693434,0.096016,0.203275,,47-0-66-1
train,train/images/train_0066_aug2.jpg,train_0066,2970,1,2970/037013.jpg,front,0.178498,0.632528,0.103052,0.215059,,47-0-66-1
train,train/images/train_0067.jpg,,7,3,7/140464.jpg,front,0.1911,0.686587,0.158802,0.269152,0.9459,47-0-67-0
train,train/images/train_0067.jpg,,2336,2,2336/172736.jpg,front,0.518471,0.716327,0.123479,0.223785,0.9413,47-0-67-0
train,train/images/train_0067.jpg,,4428,4,4428/099151.jpg,front,0.827202,0.68803,0.131366,0.23984,0.9402,47-0-67-0
train,train/images/train_0067_aug1.jpg,train_0067,7,3,7/140464.jpg,front,0.8089,0.686587,0.158802,0.269152,,47-0-67-0
train,train/images/train_0067_aug1.jpg,train_0067,2336,2,2336/172736.jpg,front,0.481529,0.716327,0.123479,0.223785,,47-0-67-0
train,train/images/train_0067_aug1.jpg,train_0067,4428,4,4428/099151.jpg,front,0.172798,0.68803,0.131366,0.23984,,47-0-67-0
train,train/images/train_0067_aug2.jpg,train_0067,7,3,7/140464.jpg,front,0.231894,0.725614,0.15496,0.306662,,47-0-67-0
train,train/images/train_0067_aug2.jpg,train_0067,2336,2,2336/172736.jpg,front,0.551717,0.750973,0.120501,0.254968,,47-0-67-0
train,train/images/train_0067_aug2.jpg,train_0067,4428,4,4428/099151.jpg,front,0.852366,0.710699,0.128198,0.273261,,47-0-67-0
train,train/images/train_0068.jpg,,7007,0,7007/010363.jpg,front,0.155208,0.828614,0.130137,0.245063,0.9434,47-0-68-0
train,train/images/train_0068.jpg,,2970,1,2970/155764.jpg,front,0.499376,0.819246,0.145795,0.249762,0.9478,47-0-68-0
train,train/images/train_0068.jpg,,4428,4,4428/144087.jpg,front,0.834946,0.796726,0.144384,0.269408,0.9498,47-0-68-0
train,train/images/train_0068_aug1.jpg,train_0068,7007,0,7007/010363.jpg,front,0.791009,0.712886,0.119071,0.21131,,47-0-68-0
train,train/images/train_0068_aug1.jpg,train_0068,2970,1,2970/155764.jpg,front,0.479558,0.755709,0.133091,0.215546,,47-0-68-0
train,train/images/train_0068_aug1.jpg,train_0068,4428,4,4428/144087.jpg,front,0.174829,0.785967,0.132075,0.232319,,47-0-68-0
train,train/images/train_0068_aug2.jpg,train_0068,7007,0,7007/010363.jpg,front,0.884159,0.875853,0.139554,0.248294,,47-0-68-0
train,train/images/train_0068_aug2.jpg,train_0068,2970,1,2970/155764.jpg,front,0.515049,0.87291,0.156341,0.25418,,47-0-68-0
train,train/images/train_0068_aug2.jpg,train_0068,4428,4,4428/144087.jpg,front,0.155027,0.857659,0.154832,0.278379,,47-0-68-0
train,train/images/train_0069.jpg,,7,3,7/002065.jpg,front,0.178208,0.761246,0.14474,0.249206,0.9393,47-0-69-0
train,train/images/train_0069.jpg,,4428,4,4428/144087.jpg,front,0.479604,0.764829,0.129143,0.243003,0.9526,47-0-69-0
train,train/images/train_0069.jpg,,7007,0,7007/158812.jpg,front,0.820786,0.773114,0.096143,0.177229,0.916,47-0-69-0
train,train/images/train_0069.jpg,,2336,2,2336/180362.jpg,back,0.660779,0.574272,0.099893,0.19099,0.9347,47-0-69-0
train,train/images/train_0069.jpg,,2970,1,2970/096579.jpg,back,0.944257,0.562878,0.097003,0.180244,0.9355,47-0-69-0
train,train/images/train_0069_aug1.jpg,train_0069,7,3,7/002065.jpg,front,0.821792,0.761246,0.14474,0.249206,,47-0-69-0
train,train/images/train_0069_aug1.jpg,train_0069,4428,4,4428/144087.jpg,front,0.520396,0.764829,0.129143,0.243003,,47-0-69-0
train,train/images/train_0069_aug1.jpg,train_0069,7007,0,7007/158812.jpg,front,0.179214,0.773114,0.096143,0.177229,,47-0-69-0
train,train/images/train_0069_aug1.jpg,train_0069,2336,2,2336/180362.jpg,back,0.339221,0.574272,0.099893,0.19099,,47-0-69-0
train,train/images/train_0069_aug1.jpg,train_0069,2970,1,2970/096579.jpg,back,0.055743,0.562878,0.097003,0.180244,,47-0-69-0
train,train/images/train_0069_aug2.jpg,train_0069,7,3,7/002065.jpg,front,0.178208,0.761246,0.14474,0.249206,,47-0-69-0
train,train/images/train_0069_aug2.jpg,train_0069,4428,4,4428/144087.jpg,front,0.479604,0.764829,0.129143,0.243003,,47-0-69-0
train,train/images/train_0069_aug2.jpg,train_0069,7007,0,7007/158812.jpg,front,0.820786,0.773114,0.096143,0.177229,,47-0-69-0
train,train/images/train_0069_aug2.jpg,train_0069,2336,2,2336/180362.jpg,back,0.660779,0.574272,0.099893,0.19099,,47-0-69-0
train,train/images/train_0069_aug2.jpg,train_0069,2970,1,2970/096579.jpg,back,0.944257,0.562878,0.097003,0.180244,,47-0-69-0
train,train/images/train_0070.jpg,,2970,1,2970/053583.jpg,front,0.150782,0.796061,0.154025,0.275776,0.9402,47-0-70-1
train,train/images/train_0070.jpg,,7,3,7/157436.jpg,front,0.468859,0.79243,0.162808,0.277935,0.9413,47-0-70-1
train,train/images/train_0070.jpg,,7007,0,7007/009812.jpg,front,0.843158,0.808302,0.149538,0.250777,0.9495,47-0-70-1
train,train/images/train_0070_aug1.jpg,train_0070,2970,1,2970/053583.jpg,front,0.150782,0.796061,0.154025,0.275776,,47-0-70-1
train,train/images/train_0070_aug1.jpg,train_0070,7,3,7/157436.jpg,front,0.468859,0.79243,0.162808,0.277935,,47-0-70-1
train,train/images/train_0070_aug1.jpg,train_0070,7007,0,7007/009812.jpg,front,0.843158,0.808302,0.149538,0.250777,,47-0-70-1
train,train/images/train_0070_aug2.jpg,train_0070,2970,1,2970/053583.jpg,front,0.150782,0.796061,0.154025,0.275776,,47-0-70-1
train,train/images/train_0070_aug2.jpg,train_0070,7,3,7/157436.jpg,front,0.468859,0.79243,0.162808,0.277935,,47-0-70-1
train,train/images/train_0070_aug2.jpg,train_0070,7007,0,7007/009812.jpg,front,0.843158,0.808302,0.149538,0.250777,,47-0-70-1
train,train/images/train_0071.jpg,,4428,4,4428/094613.jpg,front,0.229809,0.596682,0.139468,0.247837,0.9434,47-0-71-0
train,train/images/train_0071.jpg,,7,3,7/019811.jpg,front,0.72757,0.609434,0.150315,0.281895,0.9412,47-0-71-0
train,train/images/train_0071_aug1.jpg,train_0071,4428,4,4428/094613.jpg,front,0.18218,0.611384,0.139965,0.216572,,47-0-71-0
train,train/images/train_0071_aug1.jpg,train_0071,7,3,7/019811.jpg,front,0.680273,0.658764,0.150888,0.246301,,47-0-71-0
train,train/images/train_0071_aug2.jpg,train_0071,4428,4,4428/094613.jpg,front,0.760902,0.590245,0.137011,0.236852,,47-0-71-0
train,train/images/train_0071_aug2.jpg,train_0071,7,3,7/019811.jpg,front,0.272666,0.566319,0.147709,0.269379,,47-0-71-0
train,train/images/train_0072.jpg,,7007,0,7007/122097.jpg,front,0.178228,0.814594,0.148403,0.233361,0.9436,47-0-72-0
train,train/images/train_0072.jpg,,2970,1,2970/140037.jpg,front,0.495816,0.832324,0.164173,0.279747,0.9373,47-0-72-0
train,train/images/train_0072.jpg,,7,3,7/020284.jpg,front,0.888985,0.827909,0.176302,0.283329,0.9403,47-0-72-0
train,train/images/train_0072_aug1.jpg,train_0072,7007,0,7007/122097.jpg,front,0.178228,0.814594,0.148403,0.233361,,47-0-72-0
train,train/images/train_0072_aug1.jpg,train_0072,2970,1,2970/140037.jpg,front,0.495816,0.832324,0.164173,0.279747,,47-0-72-0
train,train/images/train_0072_aug1.jpg,train_0072,7,3,7/020284.jpg,front,0.888985,0.827909,0.176302,0.283329,,47-0-72-0
train,train/images/train_0072_aug2.jpg,train_0072,7007,0,7007/122097.jpg,front,0.178228,0.814594,0.148403,0.233361,,47-0-72-0
train,train/images/train_0072_aug2.jpg,train_0072,2970,1,2970/140037.jpg,front,0.495816,0.832324,0.164173,0.279747,,47-0-72-0
train,train/images/train_0072_aug2.jpg,train_0072,7,3,7/020284.jpg,front,0.888985,0.827909,0.176302,0.283329,,47-0-72-0
train,train/images/train_0073.jpg,,7,3,7/131364.jpg,front,0.122978,0.824616,0.091092,0.154356,0.9335,47-0-73-1
train,train/images/train_0073.jpg,,2336,2,2336/174818.jpg,front,0.375693,0.80516,0.091355,0.174829,0.9239,47-0-73-1
train,train/images/train_0073.jpg,,4428,4,4428/128332.jpg,front,0.630509,0.775405,0.08907,0.167201,0.9408,47-0-73-1
train,train/images/train_0073.jpg,,2970,1,2970/143208.jpg,front,0.854003,0.800128,0.100564,0.178895,0.9301,47-0-73-1
train,train/images/train_0073_aug1.jpg,train_0073,7,3,7/131364.jpg,front,0.89589,0.837051,0.1039,0.17418,,47-0-73-1
train,train/images/train_0073_aug1.jpg,train_0073,2336,2,2336/174818.jpg,front,0.607382,0.8235,0.104213,0.197275,,47-0-73-1
train,train/images/train_0073_aug1.jpg,train_0073,4428,4,4428/128332.jpg,front,0.316288,0.798399,0.101605,0.188669,,47-0-73-1
train,train/images/train_0073_aug1.jpg,train_0073,2970,1,2970/143208.jpg,front,0.061915,0.833722,0.114709,0.201867,,47-0-73-1
train,train/images/train_0073_aug2.jpg,train_0073,7,3,7/131364.jpg,front,0.892209,0.768183,0.088253,0.133523,,47-0-73-1
train,train/images/train_0073_aug2.jpg,train_0073,2336,2,2336/174818.jpg,front,0.647503,0.780514,0.088631,0.151137,,47-0-73-1
train,train/images/train_0073_aug2.jpg,train_0073,4428,4,4428/128332.jpg,front,0.400176,0.784205,0.086393,0.144557,,47-0-73-1
train,train/images/train_0073_aug2.jpg,train_0073,2970,1,2970/143208.jpg,front,0.186195,0.83127,0.097481,0.154709,,47-0-73-1
train,train/images/train_0074.jpg,,7007,0,7007/036181.jpg,front,0.151935,0.768795,0.112858,0.191731,0.931,47-0-74-1
train,train/images/train_0074.jpg,,2970,1,2970/143208.jpg,front,0.527999,0.76869,0.116729,0.196861,0.9294,47-0-74-1
train,train/images/train_0074.jpg,,2336,2,2336/179829.jpg,front,0.803928,0.775787,0.111948,0.184771,0.9309,47-0-74-1
train,train/images/train_0074_aug1.jpg,train_0074,7007,0,7007/036181.jpg,front,0.176983,0.803362,0.101308,0.200463,,47-0-74-1
train,train/images/train_0074_aug1.jpg,train_0074,2970,1,2970/143208.jpg,front,0.514126,0.818671,0.104781,0.205828,,47-0-74-1
train,train/images/train_0074_aug1.jpg,train_0074,2336,2,2336/179829.jpg,front,0.761305,0.837403,0.100484,0.193188,,47-0-74-1
train,train/images/train_0074_aug2.jpg,train_0074,7007,0,7007/036181.jpg,front,0.170454,0.838014,0.100342,0.210282,,47-0-74-1
train,train/images/train_0074_aug2.jpg,train_0074,2970,1,2970/143208.jpg,front,0.503275,0.810782,0.103777,0.21591,,47-0-74-1
train,train/images/train_0074_aug2.jpg,train_0074,2336,2,2336/179829.jpg,front,0.747835,0.798664,0.099509,0.202656,,47-0-74-1
train,train/images/train_0075.jpg,,7007,0,7007/081708.jpg,front,0.186774,0.801559,0.154609,0.292948,0.9057,47-0-75-1
train,train/images/train_0075.jpg,,2970,1,2970/037362.jpg,front,0.78931,0.790728,0.148873,0.281367,0.939,47-0-75-1
train,train/images/train_0075_aug1.jpg,train_0075,7007,0,7007/081708.jpg,front,0.822857,0.755082,0.134104,0.2687,,47-0-75-1
train,train/images/train_0075_aug1.jpg,train_0075,2970,1,2970/037362.jpg,front,0.301847,0.786141,0.129127,0.258079,,47-0-75-1
train,train/images/train_0075_aug2.jpg,train_0075,7007,0,7007/081708.jpg,front,0.813226,0.801559,0.154609,0.292948,,47-0-75-1
train,train/images/train_0075_aug2.jpg,train_0075,2970,1,2970/037362.jpg,front,0.210689,0.790728,0.148873,0.281367,,47-0-75-1
train,train/images/train_0076.jpg,,7,3,7/095162.jpg,front,0.120333,0.803086,0.169428,0.275528,0.9334,47-0-76-0
train,train/images/train_0076.jpg,,7007,0,7007/095414.jpg,front,0.498357,0.787962,0.158402,0.292173,0.9418,47-0-76-0
train,train/images/train_0076.jpg,,2970,1,2970/088573.jpg,front,0.800872,0.75618,0.167782,0.317038,0.9541,47-0-76-0
train,train/images/train_0076_aug1.jpg,train_0076,7,3,7/095162.jpg,front,0.891249,0.785013,0.171079,0.273072,,47-0-76-0
train,train/images/train_0076_aug1.jpg,train_0076,7007,0,7007/095414.jpg,front,0.50946,0.773712,0.159949,0.289569,,47-0-76-0
train,train/images/train_0076_aug1.jpg,train_0076,2970,1,2970/088573.jpg,front,0.203826,0.745165,0.169421,0.314212,,47-0-76-0
train,train/images/train_0076_aug2.jpg,train_0076,7,3,7/095162.jpg,front,0.81213,0.777764,0.150286,0.260293,,47-0-76-0
train,train/images/train_0076_aug2.jpg,train_0076,7007,0,7007/095414.jpg,front,0.478727,0.809335,0.140866,0.275836,,47-0-76-0
train,train/images/train_0076_aug2.jpg,train_0076,2970,1,2970/088573.jpg,front,0.210481,0.816066,0.149294,0.299276,,47-0-76-0
train,train/images/train_0077.jpg,,7007,0,7007/011677.jpg,front,0.158012,0.710159,0.084537,0.146269,0.9313,47-0-77-0
train,train/images/train_0077.jpg,,2970,1,2970/115896.jpg,front,0.513447,0.721957,0.086595,0.150047,0.9277,47-0-77-0
train,train/images/train_0077.jpg,,4428,4,4428/053403.jpg,front,0.870577,0.716506,0.097679,0.172302,0.9415,47-0-77-0
train,train/images/train_0077_aug1.jpg,train_0077,7007,0,7007/011677.jpg,front,0.205626,0.693694,0.073649,0.161138,,47-0-77-0
train,train/images/train_0077_aug1.jpg,train_0077,2970,1,2970/115896.jpg,front,0.512561,0.735393,0.075443,0.1653,,47-0-77-0
train,train/images/train_0077_aug1.jpg,train_0077,4428,4,4428/053403.jpg,front,0.821959,0.758244,0.085121,0.189812,,47-0-77-0
train,train/images/train_0077_aug2.jpg,train_0077,7007,0,7007/011677.jpg,front,0.871185,0.792995,0.091812,0.161138,,47-0-77-0
train,train/images/train_0077_aug2.jpg,train_0077,2970,1,2970/115896.jpg,front,0.486157,0.769449,0.094048,0.1653,,47-0-77-0
train,train/images/train_0077_aug2.jpg,train_0077,4428,4,4428/053403.jpg,front,0.100311,0.726755,0.106102,0.189807,,47-0-77-0
train,train/images/train_0078.jpg,,7,3,7/020284.jpg,front,0.30261,0.649907,0.122823,0.211084,0.9453,47-0-78-1
train,train/images/train_0078.jpg,,2970,1,2970/088573.jpg,front,0.791859,0.653846,0.117927,0.205089,0.944,47-0-78-1
train,train/images/train_0078_aug1.jpg,train_0078,7,3,7/020284.jpg,front,0.741353,0.622622,0.123639,0.190277,,47-0-78-1
train,train/images/train_0078_aug1.jpg,train_0078,2970,1,2970/088573.jpg,front,0.249496,0.652836,0.118714,0.18487,,47-0-78-1
train,train/images/train_0078_aug2.jpg,train_0078,7,3,7/020284.jpg,front,0.280638,0.650601,0.127967,0.201477,,47-0-78-1
train,train/images/train_0078_aug2.jpg,train_0078,2970,1,2970/088573.jpg,front,0.789083,0.610408,0.122875,0.195748,,47-0-78-1
train,train/images/train_0079.jpg,,2970,1,2970/037013.jpg,front,0.276779,0.723311,0.103176,0.17399,0.9364,47-0-79-0
train,train/images/train_0079.jpg,,2336,2,2336/179829.jpg,front,0.718765,0.728163,0.118684,0.205018,0.9233,47-0-79-0
train,train/images/train_0079_aug1.jpg,train_0079,2970,1,2970/037013.jpg,front,0.723221,0.723311,0.103176,0.17399,,47-0-79-0
train,train/images/train_0079_aug1.jpg,train_0079,2336,2,2336/179829.jpg,front,0.281235,0.728163,0.118684,0.205018,,47-0-79-0
train,train/images/train_0079_aug2.jpg,train_0079,2970,1,2970/037013.jpg,front,0.723221,0.723311,0.103176,0.17399,,47-0-79-0
train,train/images/train_0079_aug2.jpg,train_0079,2336,2,2336/179829.jpg,front,0.281235,0.728163,0.118684,0.205018,,47-0-79-0
train,train/images/train_0080.jpg,,2336,2,2336/177788.jpg,front,0.295683,0.804693,0.108373,0.200379,0.9256,47-0-80-0
train,train/images/train_0080.jpg,,2970,1,2970/079293.jpg,front,0.793043,0.813242,0.115662,0.217267,0.9491,47-0-80-0
train,train/images/train_0080.jpg,,7,3,7/009932.jpg,back,0.568097,0.628169,0.101995,0.165698,0.9531,47-0-80-0
train,train/images/train_0080.jpg,,7007,0,7007/029779.jpg,back,0.071214,0.62298,0.098997,0.165716,0.9279,47-0-80-0
train,train/images/train_0080_aug1.jpg,train_0080,2336,2,2336/177788.jpg,front,0.30751,0.776394,0.116706,0.196823,,47-0-80-0
train,train/images/train_0080_aug1.jpg,train_0080,2970,1,2970/079293.jpg,front,0.842219,0.746562,0.124565,0.213406,,47-0-80-0
train,train/images/train_0080_aug1.jpg,train_0080,7,3,7/009932.jpg,back,0.593225,0.582218,0.109777,0.162804,,47-0-80-0
train,train/images/train_0080_aug1.jpg,train_0080,7007,0,7007/029779.jpg,back,0.059162,0.615312,0.106561,0.16281,,47-0-80-0
train,train/images/train_0080_aug2.jpg,train_0080,2336,2,2336/177788.jpg,front,0.319595,0.784364,0.105089,0.182442,,47-0-80-0
train,train/images/train_0080_aug2.jpg,train_0080,2970,1,2970/079293.jpg,front,0.801888,0.791469,0.112157,0.197818,,47-0-80-0
train,train/images/train_0080_aug2.jpg,train_0080,7,3,7/009932.jpg,back,0.583625,0.62327,0.098904,0.150866,,47-0-80-0
train,train/images/train_0080_aug2.jpg,train_0080,7007,0,7007/029779.jpg,back,0.101797,0.619223,0.095996,0.150883,,47-0-80-0
train,train/images/train_0081.jpg,,7007,0,7007/029779.jpg,front,0.192087,0.652428,0.107422,0.179376,0.93,47-0-81-0
train,train/images/train_0081.jpg,,7,3,7/022384.jpg,front,0.543433,0.64259,0.124059,0.210871,0.9332,47-0-81-0
train,train/images/train_0081.jpg,,4428,4,4428/053931.jpg,front,0.831181,0.598425,0.118373,0.219876,0.9385,47-0-81-0
train,train/images/train_0081.jpg,,2336,2,2336/180362.jpg,back,0.052091,0.416471,0.090211,0.165277,0.9322,47-0-81-0
train,train/images/train_0081.jpg,,2970,1,2970/134512.jpg,back,0.946561,0.395494,0.088472,0.163045,0.9273,47-0-81-0
train,train/images/train_0081_aug1.jpg,train_0081,7007,0,7007/029779.jpg,front,0.229517,0.688499,0.107874,0.197799,,47-0-81-0
train,train/images/train_0081_aug1.jpg,train_0081,7,3,7/022384.jpg,front,0.576818,0.623288,0.124637,0.2325,,47-0-81-0
train,train/images/train_0081_aug1.jpg,train_0081,4428,4,4428/053931.jpg,front,0.857766,0.530204,0.119234,0.242291,,47-0-81-0
train,train/images/train_0081_aug1.jpg,train_0081,2336,2,2336/180362.jpg,back,0.067972,0.450906,0.090829,0.18214,,47-0-81-0
train,train/images/train_0081_aug1.jpg,train_0081,2970,1,2970/134512.jpg,back,0.952536,0.289356,0.089094,0.179675,,47-0-81-0
train,train/images/train_0081_aug2.jpg,train_0081,7007,0,7007/029779.jpg,front,0.814019,0.658565,0.102752,0.16437,,47-0-81-0
train,train/images/train_0081_aug2.jpg,train_0081,7,3,7/022384.jpg,front,0.477903,0.658406,0.118666,0.19323,,47-0-81-0
train,train/images/train_0081_aug2.jpg,train_0081,4428,4,4428/053931.jpg,front,0.202137,0.625192,0.113232,0.201476,,47-0-81-0
train,train/images/train_0081_aug2.jpg,train_0081,2336,2,2336/180362.jpg,back,0.944689,0.438849,0.086292,0.151447,,47-0-81-0
train,train/images/train_0081_aug2.jpg,train_0081,2970,1,2970/134512.jpg,back,0.089046,0.442169,0.084629,0.149402,,47-0-81-0
train,train/images/train_0082.jpg,,7,3,7/038132.jpg,front,0.300862,0.711804,0.183677,0.30703,0.9457,47-0-82-1
train,train/images/train_0082.jpg,,7007,0,7007/000491.jpg,front,0.694549,0.736157,0.144867,0.276262,0.9299,47-0-82-1
train,train/images/train_0082.jpg,,4428,4,4428/053931.jpg,back,0.505265,0.45179,0.140504,0.25852,0.9488,47-0-82-1
train,train/images/train_0082.jpg,,2970,1,2970/143208.jpg,back,0.919147,0.420449,0.153538,0.275331,0.9428,47-0-82-1
train,train/images/train_0082_aug1.jpg,train_0082,7,3,7/038132.jpg,front,0.300862,0.711804,0.183677,0.30703,,47-0-82-1
train,train/images/train_0082_aug1.jpg,train_0082,7007,0,7007/000491.jpg,front,0.694549,0.736157,0.144867,0.276262,,47-0-82-1
train,train/images/train_0082_aug1.jpg,train_0082,4428,4,4428/053931.jpg,back,0.505265,0.45179,0.140504,0.25852,,47-0-82-1
train,train/images/train_0082_aug1.jpg,train_0082,2970,1,2970/143208.jpg,back,0.919147,0.420449,0.153538,0.275331,,47-0-82-1
train,train/images/train_0082_aug2.jpg,train_0082,7,3,7/038132.jpg,front,0.300862,0.711804,0.183677,0.30703,,47-0-82-1
train,train/images/train_0082_aug2.jpg,train_0082,7007,0,7007/000491.jpg,front,0.694549,0.736157,0.144867,0.276262,,47-0-82-1
train,train/images/train_0082_aug2.jpg,train_0082,4428,4,4428/053931.jpg,back,0.505265,0.45179,0.140504,0.25852,,47-0-82-1
train,train/images/train_0082_aug2.jpg,train_0082,2970,1,2970/143208.jpg,back,0.919147,0.420449,0.153538,0.275331,,47-0-82-1
train,train/images/train_0083.jpg,,7007,0,7007/099068.jpg,front,0.205665,0.843958,0.121043,0.230654,0.9202,47-0-83-2
train,train/images/train_0083.jpg,,2970,1,2970/023824.jpg,front,0.770996,0.82137,0.133874,0.235246,0.9454,47-0-83-2
train,train/images/train_0083_aug1.jpg,train_0083,7007,0,7007/099068.jpg,front,0.762645,0.874671,0.109022,0.234094,,47-0-83-2
train,train/images/train_0083_aug1.jpg,train_0083,2970,1,2970/023824.jpg,front,0.258338,0.801951,0.12045,0.238802,,47-0-83-2
train,train/images/train_0083_aug2.jpg,train_0083,7007,0,7007/099068.jpg,front,0.792815,0.817653,0.120217,0.234729,,47-0-83-2
train,train/images/train_0083_aug2.jpg,train_0083,2970,1,2970/023824.jpg,front,0.233058,0.846539,0.132855,0.239452,,47-0-83-2
train,train/images/train_0084.jpg,,2970,1,2970/037013.jpg,front,0.248032,0.636385,0.129888,0.216871,0.9455,47-0-84-1
train,train/images/train_0084.jpg,,4428,4,4428/005770.jpg,front,0.729124,0.646822,0.112435,0.212305,0.9308,47-0-84-1
train,train/images/train_0084_aug1.jpg,train_0084,2970,1,2970/037013.jpg,front,0.733385,0.65235,0.115373,0.231438,,47-0-84-1
train,train/images/train_0084_aug1.jpg,train_0084,4428,4,4428/005770.jpg,front,0.306855,0.682253,0.099904,0.226556,,47-0-84-1
train,train/images/train_0084_aug2.jpg,train_0084,2970,1,2970/037013.jpg,front,0.249547,0.631783,0.123033,0.231492,,47-0-84-1
train,train/images/train_0084_aug2.jpg,train_0084,4428,4,4428/005770.jpg,front,0.704059,0.669134,0.106561,0.226591,,47-0-84-1
train,train/images/train_0085.jpg,,7007,0,7007/036181.jpg,front,0.177593,0.77859,0.156107,0.269943,0.9339,47-0-85-0
train,train/images/train_0085.jpg,,2336,2,2336/181421.jpg,front,0.537404,0.799072,0.152748,0.276269,0.9371,47-0-85-0
train,train/images/train_0085.jpg,,7,3,7/121574.jpg,front,0.855308,0.767141,0.160953,0.273231,0.9463,47-0-85-0
train,train/images/train_0085.jpg,,4428,4,4428/099151.jpg,back,0.349556,0.534183,0.123409,0.227819,0.9342,47-0-85-0
train,train/images/train_0085.jpg,,2970,1,2970/037362.jpg,back,0.680999,0.52071,0.128717,0.224343,0.932,47-0-85-0
train,train/images/train_0085_aug1.jpg,train_0085,7007,0,7007/036181.jpg,front,0.813678,0.7481,0.139755,0.273633,,47-0-85-0
train,train/images/train_0085_aug1.jpg,train_0085,2336,2,2336/181421.jpg,front,0.49565,0.806547,0.136859,0.280006,,47-0-85-0
train,train/images/train_0085_aug1.jpg,train_0085,7,3,7/121574.jpg,front,0.211299,0.807565,0.144051,0.276982,,47-0-85-0
train,train/images/train_0085_aug1.jpg,train_0085,4428,4,4428/099151.jpg,back,0.644597,0.518817,0.110616,0.230887,,47-0-85-0
train,train/images/train_0085_aug1.jpg,train_0085,2970,1,2970/037362.jpg,back,0.349469,0.539931,0.115249,0.227404,,47-0-85-0
train,train/images/train_0085_aug2.jpg,train_0085,7007,0,7007/036181.jpg,front,0.742559,0.833979,0.148912,0.271274,,47-0-85-0
train,train/images/train_0085_aug2.jpg,train_0085,2336,2,2336/181421.jpg,front,0.400163,0.817895,0.145788,0.277593,,47-0-85-0
train,train/images/train_0085_aug2.jpg,train_0085,7,3,7/121574.jpg,front,0.100677,0.753494,0.153502,0.274594,,47-0-85-0
train,train/images/train_0085_aug2.jpg,train_0085,4428,4,4428/099151.jpg,back,0.594322,0.571276,0.117821,0.228898,,47-0-85-0
train,train/images/train_0085_aug2.jpg,train_0085,2970,1,2970/037362.jpg,back,0.280881,0.524016,0.122795,0.225444,,47-0-85-0
train,train/images/train_0086.jpg,,2970,1,2970/053583.jpg,front,0.166482,0.766962,0.137302,0.248513,0.9427,47-0-86-0
train,train/images/train_0086.jpg,,7007,0,7007/113130.jpg,front,0.472418,0.726585,0.137967,0.251114,0.9503,47-0-86-0
train,train/images/train_0086.jpg,,2336,2,2336/180987.jpg,front,0.843885,0.726592,0.134793,0.250671,0.9389,47-0-86-0
train,train/images/train_0086_aug1.jpg,train_0086,2970,1,2970/053583.jpg,front,0.874736,0.733327,0.148281,0.277684,,47-0-86-0
train,train/images/train_0086_aug1.jpg,train_0086,7007,0,7007/113130.jpg,front,0.544724,0.737908,0.14902,0.280579,,47-0-86-0
train,train/images/train_0086_aug1.jpg,train_0086,2336,2,2336/180987.jpg,front,0.14869,0.798084,0.145671,0.280046,,47-0-86-0
train,train/images/train_0086_aug2.jpg,train_0086,2970,1,2970/053583.jpg,front,0.771041,0.791495,0.127834,0.283568,,47-0-86-0
train,train/images/train_0086_aug2.jpg,train_0086,7007,0,7007/113130.jpg,front,0.489836,0.722141,0.128461,0.286533,,47-0-86-0
train,train/images/train_0086_aug2.jpg,train_0086,2336,2,2336/180987.jpg,front,0.145809,0.69384,0.125535,0.286021,,47-0-86-0
train,train/images/train_0087.jpg,,2336,2,2336/172268.jpg,front,0.247186,0.738186,0.14314,0.253889,0.9359,47-0-87-3
train,train/images/train_0087.jpg,,7007,0,7007/081708.jpg,front,0.772552,0.792284,0.150749,0.27538,0.9111,47-0-87-3
train,train/images/train_0087_aug1.jpg,train_0087,2336,2,2336/172268.jpg,front,0.188516,0.73569,0.159024,0.248756,,47-0-87-3
train,train/images/train_0087_aug1.jpg,train_0087,7007,0,7007/081708.jpg,front,0.773005,0.734455,0.167513,0.269789,,47-0-87-3
train,train/images/train_0087_aug2.jpg,train_0087,2336,2,2336/172268.jpg,front,0.707406,0.703933,0.125395,0.223749,,47-0-87-3
train,train/images/train_0087_aug2.jpg,train_0087,7007,0,7007/081708.jpg,front,0.253392,0.804588,0.132117,0.242658,,47-0-87-3
train,train/images/train_0088.jpg,,7,3,7/131364.jpg,front,0.194828,0.66645,0.118425,0.20631,0.9396,47-0-88-0
train,train/images/train_0088.jpg,,4428,4,4428/121977.jpg,front,0.501963,0.683893,0.112507,0.200783,0.9319,47-0-88-0
train,train/images/train_0088.jpg,,7007,0,7007/113130.jpg,front,0.795445,0.687449,0.101048,0.175712,0.9302,47-0-88-0
train,train/images/train_0088_aug1.jpg,train_0088,7,3,7/131364.jpg,front,0.807071,0.591355,0.132343,0.17656,,47-0-88-0
train,train/images/train_0088_aug1.jpg,train_0088,4428,4,4428/121977.jpg,front,0.463955,0.610734,0.12573,0.17183,,47-0-88-0
train,train/images/train_0088_aug1.jpg,train_0088,7007,0,7007/113130.jpg,front,0.136008,0.618033,0.112923,0.150374,,47-0-88-0
train,train/images/train_0088_aug2.jpg,train_0088,7,3,7/131364.jpg,front,0.805172,0.66645,0.118425,0.20631,,47-0-88-0
train,train/images/train_0088_aug2.jpg,train_0088,4428,4,4428/121977.jpg,front,0.498037,0.683893,0.112507,0.200783,,47-0-88-0
train,train/images/train_0088_aug2.jpg,train_0088,7007,0,7007/113130.jpg,front,0.204555,0.687449,0.101048,0.175712,,47-0-88-0
train,train/images/train_0089.jpg,,7,3,7/090356.jpg,front,0.123931,0.819074,0.109386,0.170495,0.9244,47-0-89-0
train,train/images/train_0089.jpg,,2336,2,2336/179829.jpg,front,0.533007,0.805278,0.110692,0.200738,0.9248,47-0-89-0
train,train/images/train_0089.jpg,,7007,0,7007/135536.jpg,front,0.840176,0.79974,0.106707,0.183726,0.9171,47-0-89-0
train,train/images/train_0089_aug1.jpg,train_0089,7,3,7/090356.jpg,front,0.093824,0.758662,0.11264,0.172283,,47-0-89-0
train,train/images/train_0089_aug1.jpg,train_0089,2336,2,2336/179829.jpg,front,0.513403,0.800139,0.114245,0.202645,,47-0-89-0
train,train/images/train_0089_aug1.jpg,train_0089,7007,0,7007/135536.jpg,front,0.828097,0.836137,0.11004,0.185523,,47-0-89-0
train,train/images/train_0089_aug2.jpg,train_0089,7,3,7/090356.jpg,front,0.86447,0.83517,0.105155,0.16559,,47-0-89-0
train,train/images/train_0089_aug2.jpg,train_0089,2336,2,2336/179829.jpg,front,0.471351,0.846597,0.106469,0.194925,,47-0-89-0
train,train/images/train_0089_aug2.jpg,train_0089,7007,0,7007/135536.jpg,front,0.17633,0.859856,0.102613,0.178417,,47-0-89-0
train,train/images/train_0090.jpg,,7,3,7/019811.jpg,front,0.161295,0.736173,0.104464,0.201485,0.9162,47-0-90-0
train,train/images/train_0090.jpg,,2336,2,2336/180362.jpg,front,0.463515,0.749154,0.099938,0.17978,0.9341,47-0-90-0
train,train/images/train_0090.jpg,,7007,0,7007/122097.jpg,front,0.851458,0.770772,0.085211,0.143882,0.924,47-0-90-0
train,train/images/train_0090_aug1.jpg,train_0090,7,3,7/019811.jpg,front,0.838705,0.736173,0.104464,0.201485,,47-0-90-0
train,train/images/train_0090_aug1.jpg,train_0090,2336,2,2336/180362.jpg,front,0.536485,0.749155,0.099938,0.17978,,47-0-90-0
train,train/images/train_0090_aug1.jpg,train_0090,7007,0,7007/122097.jpg,front,0.148542,0.770772,0.085211,0.143882,,47-0-90-0
train,train/images/train_0090_aug2.jpg,train_0090,7,3,7/019811.jpg,front,0.164525,0.738648,0.116095,0.19233,,47-0-90-0
train,train/images/train_0090_aug2.jpg,train_0090,2336,2,2336/180362.jpg,front,0.500483,0.742204,0.111062,0.171615,,47-0-90-0
train,train/images/train_0090_aug2.jpg,train_0090,7007,0,7007/122097.jpg,front,0.931805,0.751496,0.094692,0.13735,,47-0-90-0
train,train/images/train_0091.jpg,,7007,0,7007/035390.jpg,front,0.266547,0.682782,0.14109,0.271221,0.9382,47-0-91-1
train,train/images/train_0091.jpg,,4428,4,4428/021741.jpg,front,0.72809,0.720134,0.140688,0.2576,0.9472,47-0-91-1
train,train/images/train_0091_aug1.jpg,train_0091,7007,0,7007/035390.jpg,front,0.733453,0.682782,0.14109,0.271221,,47-0-91-1
train,train/images/train_0091_aug1.jpg,train_0091,4428,4,4428/021741.jpg,front,0.27191,0.720134,0.140688,0.2576,,47-0-91-1
train,train/images/train_0091_aug2.jpg,train_0091,7007,0,7007/035390.jpg,front,0.733453,0.682782,0.14109,0.271221,,47-0-91-1
train,train/images/train_0091_aug2.jpg,train_0091,4428,4,4428/021741.jpg,front,0.27191,0.720134,0.140688,0.2576,,47-0-91-1
train,train/images/train_0092.jpg,,2970,1,2970/053704.jpg,front,0.248837,0.81199,0.136676,0.256787,0.9391,47-0-92-2
train,train/images/train_0092.jpg,,7007,0,7007/011677.jpg,front,0.809759,0.809645,0.108636,0.192276,0.9314,47-0-92-2
train,train/images/train_0092_aug1.jpg,train_0092,2970,1,2970/053704.jpg,front,0.726909,0.770141,0.14566,0.257245,,47-0-92-2
train,train/images/train_0092_aug1.jpg,train_0092,7007,0,7007/011677.jpg,front,0.129111,0.769442,0.115777,0.192619,,47-0-92-2
train,train/images/train_0092_aug2.jpg,train_0092,2970,1,2970/053704.jpg,front,0.688846,0.876778,0.118802,0.244919,,47-0-92-2
train,train/images/train_0092_aug2.jpg,train_0092,7007,0,7007/011677.jpg,front,0.209394,0.800053,0.094258,0.183448,,47-0-92-2
train,train/images/train_0093.jpg,,2970,1,2970/155764.jpg,front,0.275303,0.863949,0.126579,0.227268,0.9385,47-0-93-0
train,train/images/train_0093.jpg,,7007,0,7007/017103.jpg,front,0.812655,0.799165,0.112175,0.204739,0.9382,47-0-93-0
train,train/images/train_0093_aug1.jpg,train_0093,2970,1,2970/155764.jpg,front,0.275303,0.863949,0.126579,0.227268,,47-0-93-0
train,train/images/train_0093_aug1.jpg,train_0093,7007,0,7007/017103.jpg,front,0.812655,0.799165,0.112175,0.204739,,47-0-93-0
train,train/images/train_0093_aug2.jpg,train_0093,2970,1,2970/155764.jpg,front,0.314549,0.814745,0.119101,0.229568,,47-0-93-0
train,train/images/train_0093_aug2.jpg,train_0093,7007,0,7007/017103.jpg,front,0.821051,0.795179,0.105567,0.206803,,47-0-93-0
train,train/images/train_0094.jpg,,7007,0,7007/158011.jpg,front,0.161075,0.725144,0.096227,0.160569,0.9327,47-0-94-2
train,train/images/train_0094.jpg,,2970,1,2970/050785.jpg,front,0.548899,0.700908,0.087011,0.15666,0.9316,47-0-94-2
train,train/images/train_0094.jpg,,2336,2,2336/172268.jpg,front,0.831188,0.711462,0.101706,0.190015,0.9178,47-0-94-2
train,train/images/train_0094_aug1.jpg,train_0094,7007,0,7007/158011.jpg,front,0.793485,0.731191,0.098144,0.158025,,47-0-94-2
train,train/images/train_0094_aug1.jpg,train_0094,2970,1,2970/050785.jpg,front,0.399734,0.678951,0.088777,0.154157,,47-0-94-2
train,train/images/train_0094_aug1.jpg,train_0094,2336,2,2336/172268.jpg,front,0.112009,0.668649,0.103789,0.18697,,47-0-94-2
train,train/images/train_0094_aug2.jpg,train_0094,7007,0,7007/158011.jpg,front,0.161075,0.725143,0.096227,0.160569,,47-0-94-2
train,train/images/train_0094_aug2.jpg,train_0094,2970,1,2970/050785.jpg,front,0.548899,0.700908,0.087011,0.15666,,47-0-94-2
train,train/images/train_0094_aug2.jpg,train_0094,2336,2,2336/172268.jpg,front,0.831188,0.711462,0.101706,0.190015,,47-0-94-2
train,train/images/train_0095.jpg,,4428,4,4428/053931.jpg,front,0.149478,0.833547,0.132841,0.243075,0.9423,47-0-95-0
train,train/images/train_0095.jpg,,2336,2,2336/180362.jpg,front,0.467253,0.813652,0.12704,0.230105,0.9474,47-0-95-0
train,train/images/train_0095.jpg,,7007,0,7007/122097.jpg,front,0.836373,0.870779,0.114036,0.188582,0.9247,47-0-95-0
train,train/images/train_0095_aug1.jpg,train_0095,4428,4,4428/053931.jpg,front,0.103155,0.710537,0.151734,0.207453,,47-0-95-0
train,train/images/train_0095_aug1.jpg,train_0095,2336,2,2336/180362.jpg,front,0.466239,0.721108,0.145104,0.19639,,47-0-95-0
train,train/images/train_0095_aug1.jpg,train_0095,7007,0,7007/122097.jpg,front,0.885068,0.801758,0.130216,0.160997,,47-0-95-0
train,train/images/train_0095_aug2.jpg,train_0095,4428,4,4428/053931.jpg,front,0.152709,0.787616,0.126377,0.210731,,47-0-95-0
train,train/images/train_0095_aug2.jpg,train_0095,2336,2,2336/180362.jpg,front,0.453008,0.742696,0.120849,0.199493,,47-0-95-0
train,train/images/train_0095_aug2.jpg,train_0095,7007,0,7007/122097.jpg,front,0.805419,0.759972,0.108409,0.163539,,47-0-95-0
train,train/images/train_0096.jpg,,2336,2,2336/174486.jpg,front,0.223251,0.736685,0.166613,0.312127,0.9384,47-0-96-0
train,train/images/train_0096.jpg,,7,3,7/007335.jpg,front,0.770639,0.754628,0.151374,0.256165,0.9461,47-0-96-0
train,train/images/train_0096_aug1.jpg,train_0096,2336,2,2336/174486.jpg,front,0.166193,0.749304,0.180764,0.356247,,47-0-96-0
train,train/images/train_0096_aug1.jpg,train_0096,7,3,7/007335.jpg,front,0.755997,0.823607,0.164077,0.292449,,47-0-96-0
train,train/images/train_0096_aug2.jpg,train_0096,2336,2,2336/174486.jpg,front,0.736972,0.707547,0.148388,0.309477,,47-0-96-0
train,train/images/train_0096_aug2.jpg,train_0096,7,3,7/007335.jpg,front,0.250261,0.693045,0.134745,0.25402,,47-0-96-0
train,train/images/train_0097.jpg,,7007,0,7007/113130.jpg,front,0.131034,0.632741,0.112278,0.191973,0.9316,47-0-97-0
train,train/images/train_0097.jpg,,2970,1,2970/059300.jpg,front,0.497467,0.621187,0.133987,0.232803,0.9472,47-0-97-0
train,train/images/train_0097.jpg,,2336,2,2336/178941.jpg,front,0.84419,0.595315,0.13155,0.226633,0.9404,47-0-97-0
train,train/images/train_0097_aug1.jpg,train_0097,7007,0,7007/113130.jpg,front,0.069929,0.58727,0.12467,0.16622,,47-0-97-0
train,train/images/train_0097_aug1.jpg,train_0097,2970,1,2970/059300.jpg,front,0.47547,0.632342,0.1488,0.201539,,47-0-97-0
train,train/images/train_0097_aug1.jpg,train_0097,2336,2,2336/178941.jpg,front,0.86018,0.66212,0.146081,0.196215,,47-0-97-0
train,train/images/train_0097_aug2.jpg,train_0097,7007,0,7007/113130.jpg,front,0.136411,0.652403,0.10819,0.167281,,47-0-97-0
train,train/images/train_0097_aug2.jpg,train_0097,2970,1,2970/059300.jpg,front,0.488309,0.615659,0.129117,0.202851,,47-0-97-0
train,train/images/train_0097_aug2.jpg,train_0097,2336,2,2336/178941.jpg,front,0.820724,0.567888,0.126764,0.197479,,47-0-97-0
train,train/images/train_0098.jpg,,4428,4,4428/053429.jpg,front,0.13845,0.606247,0.133601,0.236883,0.9433,47-0-98-0
train,train/images/train_0098.jpg,,7,3,7/140464.jpg,front,0.493551,0.629903,0.1482,0.238312,0.9432,47-0-98-0
train,train/images/train_0098.jpg,,7007,0,7007/000491.jpg,front,0.821662,0.642832,0.111179,0.209668,0.9268,47-0-98-0
train,train/images/train_0098_aug1.jpg,train_0098,4428,4,4428/053429.jpg,front,0.13845,0.606247,0.133601,0.236883,,47-0-98-0
train,train/images/train_0098_aug1.jpg,train_0098,7,3,7/140464.jpg,front,0.493551,0.629903,0.1482,0.238312,,47-0-98-0
train,train/images/train_0098_aug1.jpg,train_0098,7007,0,7007/000491.jpg,front,0.821662,0.642832,0.111179,0.209668,,47-0-98-0
train,train/images/train_0098_aug2.jpg,train_0098,4428,4,4428/053429.jpg,front,0.802667,0.63007,0.119233,0.2616,,47-0-98-0
train,train/images/train_0098_aug2.jpg,train_0098,7,3,7/140464.jpg,front,0.486616,0.625546,0.132092,0.26324,,47-0-98-0
train,train/images/train_0098_aug2.jpg,train_0098,7007,0,7007/000491.jpg,front,0.195128,0.611514,0.099314,0.231521,,47-0-98-0
train,train/images/train_0099.jpg,,7,3,7/003099.jpg,front,0.215054,0.832999,0.140982,0.224881,0.9396,47-0-99-0
train,train/images/train_0099.jpg,,4428,4,4428/057432.jpg,front,0.797038,0.831145,0.128403,0.231172,0.9479,47-0-99-0
train,train/images/train_0099.jpg,,2970,1,2970/050785.jpg,back,0.51942,0.620603,0.091473,0.171883,0.9335,47-0-99-0
train,train/images/train_0099.jpg,,7007,0,7007/000491.jpg,back,0.077659,0.638072,0.089593,0.159145,0.9131,47-0-99-0
train,train/images/train_0099_aug1.jpg,train_0099,7,3,7/003099.jpg,front,0.71201,0.869274,0.129835,0.207664,,47-0-99-0
train,train/images/train_0099_aug1.jpg,train_0099,4428,4,4428/057432.jpg,front,0.177439,0.825759,0.118328,0.213412,,47-0-99-0
train,train/images/train_0099_aug1.jpg,train_0099,2970,1,2970/050785.jpg,back,0.441017,0.651509,0.084321,0.158668,,47-0-99-0
train,train/images/train_0099_aug1.jpg,train_0099,7007,0,7007/000491.jpg,back,0.846137,0.699354,0.082555,0.146922,,47-0-99-0
train,train/images/train_0099_aug2.jpg,train_0099,7,3,7/003099.jpg,front,0.215054,0.832999,0.140982,0.224881,,47-0-99-0
train,train/images/train_0099_aug2.jpg,train_0099,4428,4,4428/057432.jpg,front,0.797038,0.831145,0.128403,0.231172,,47-0-99-0
train,train/images/train_0099_aug2.jpg,train_0099,2970,1,2970/050785.jpg,back,0.51942,0.620603,0.091473,0.171883,,47-0-99-0
train,train/images/train_0099_aug2.jpg,train_0099,7007,0,7007/000491.jpg,back,0.077659,0.638072,0.089593,0.159145,,47-0-99-0
train,train/images/train_0100.jpg,,2336,2,2336/172736.jpg,front,0.281833,0.804275,0.119648,0.217278,0.9301,47-0-100-1
train,train/images/train_0100.jpg,,4428,4,4428/094613.jpg,front,0.78988,0.803325,0.124444,0.223029,0.9489,47-0-100-1
train,train/images/train_0100.jpg,,7,3,7/131364.jpg,back,0.55042,0.592848,0.109842,0.19198,0.9346,47-0-100-1
train,train/images/train_0100.jpg,,2970,1,2970/096579.jpg,back,0.086827,0.592613,0.09678,0.180225,0.9268,47-0-100-1
train,train/images/train_0100_aug1.jpg,train_0100,2336,2,2336/172736.jpg,front,0.718167,0.804275,0.119648,0.217278,,47-0-100-1
train,train/images/train_0100_aug1.jpg,train_0100,4428,4,4428/094613.jpg,front,0.21012,0.803325,0.124444,0.223029,,47-0-100-1
train,train/images/train_0100_aug1.jpg,train_0100,7,3,7/131364.jpg,back,0.44958,0.592848,0.109842,0.19198,,47-0-100-1
train,train/images/train_0100_aug1.jpg,train_0100,2970,1,2970/096579.jpg,back,0.913173,0.592613,0.096781,0.180225,,47-0-100-1
train,train/images/train_0100_aug2.jpg,train_0100,2336,2,2336/172736.jpg,front,0.281833,0.804275,0.119648,0.217278,,47-0-100-1
train,train/images/train_0100_aug2.jpg,train_0100,4428,4,4428/094613.jpg,front,0.78988,0.803325,0.124444,0.223029,,47-0-100-1
train,train/images/train_0100_aug2.jpg,train_0100,7,3,7/131364.jpg,back,0.55042,0.592848,0.109842,0.19198,,47-0-100-1
train,train/images/train_0100_aug2.jpg,train_0100,2970,1,2970/096579.jpg,back,0.086827,0.592613,0.09678,0.180225,,47-0-100-1
train,train/images/train_0101.jpg,,2336,2,2336/174476.jpg,front,0.159255,0.843703,0.11677,0.222761,0.9231,47-0-101-0
train,train/images/train_0101.jpg,,4428,4,4428/092959.jpg,front,0.535067,0.872562,0.138008,0.237848,0.9424,47-0-101-0
train,train/images/train_0101.jpg,,2970,1,2970/134512.jpg,front,0.823763,0.838734,0.12761,0.221707,0.9293,47-0-101-0
train,train/images/train_0101_aug1.jpg,train_0101,2336,2,2336/174476.jpg,front,0.840745,0.843703,0.11677,0.222761,,47-0-101-0
train,train/images/train_0101_aug1.jpg,train_0101,4428,4,4428/092959.jpg,front,0.464933,0.872562,0.138008,0.237849,,47-0-101-0
train,train/images/train_0101_aug1.jpg,train_0101,2970,1,2970/134512.jpg,front,0.176237,0.838734,0.12761,0.221707,,47-0-101-0
train,train/images/train_0101_aug2.jpg,train_0101,2336,2,2336/174476.jpg,front,0.907877,0.810438,0.130427,0.208167,,47-0-101-0
train,train/images/train_0101_aug2.jpg,train_0101,4428,4,4428/092959.jpg,front,0.490767,0.874413,0.154064,0.222336,,47-0-101-0
train,train/images/train_0101_aug2.jpg,train_0101,2970,1,2970/134512.jpg,front,0.167742,0.87131,0.142461,0.207241,,47-0-101-0
train,train/images/train_0102.jpg,,2970,1,2970/155764.jpg,front,0.253636,0.773434,0.15526,0.278633,0.9454,47-0-102-0
train,train/images/train_0102.jpg,,2336,2,2336/180676.jpg,front,0.775646,0.730627,0.158779,0.302545,0.9411,47-0-102-0
train,train/images/train_0102_aug1.jpg,train_0102,2970,1,2970/155764.jpg,front,0.236346,0.797351,0.149253,0.277256,,47-0-102-0
train,train/images/train_0102_aug1.jpg,train_0102,2336,2,2336/180676.jpg,front,0.7366,0.73286,0.152658,0.301042,,47-0-102-0
train,train/images/train_0102_aug2.jpg,train_0102,2970,1,2970/155764.jpg,front,0.739666,0.729189,0.139643,0.266636,,47-0-102-0
train,train/images/train_0102_aug2.jpg,train_0102,2336,2,2336/180676.jpg,front,0.269683,0.710969,0.142832,0.28951,,47-0-102-0
train,train/images/train_0103.jpg,,2970,1,2970/053583.jpg,front,0.160805,0.793276,0.101249,0.173253,0.9213,47-0-103-0
train,train/images/train_0103.jpg,,2336,2,2336/174818.jpg,front,0.368541,0.822542,0.107505,0.19139,0.9247,47-0-103-0
train,train/images/train_0103.jpg,,7,3,7/157832.jpg,front,0.626154,0.825737,0.107208,0.160872,0.9336,47-0-103-0
train,train/images/train_0103.jpg,,7007,0,7007/158011.jpg,front,0.851661,0.831566,0.10127,0.164303,0.9228,47-0-103-0
train,train/images/train_0103_aug1.jpg,train_0103,2970,1,2970/053583.jpg,front,0.160805,0.793276,0.101249,0.173252,,47-0-103-0
train,train/images/train_0103_aug1.jpg,train_0103,2336,2,2336/174818.jpg,front,0.368541,0.822542,0.107505,0.19139,,47-0-103-0
train,train/images/train_0103_aug1.jpg,train_0103,7,3,7/157832.jpg,front,0.626154,0.825737,0.107208,0.160872,,47-0-103-0
train,train/images/train_0103_aug1.jpg,train_0103,7007,0,7007/158011.jpg,front,0.851661,0.831566,0.10127,0.164303,,47-0-103-0
train,train/images/train_0103_aug2.jpg,train_0103,2970,1,2970/053583.jpg,front,0.160805,0.793276,0.101249,0.173252,,47-0-103-0
train,train/images/train_0103_aug2.jpg,train_0103,2336,2,2336/174818.jpg,front,0.368541,0.822542,0.107505,0.19139,,47-0-103-0
train,train/images/train_0103_aug2.jpg,train_0103,7,3,7/157832.jpg,front,0.626154,0.825737,0.107208,0.160872,,47-0-103-0
train,train/images/train_0103_aug2.jpg,train_0103,7007,0,7007/158011.jpg,front,0.851661,0.831566,0.10127,0.164303,,47-0-103-0
train,train/images/train_0104.jpg,,7007,0,7007/122097.jpg,front,0.146774,0.740017,0.096256,0.16592,0.9364,47-0-104-0
train,train/images/train_0104.jpg,,4428,4,4428/145187.jpg,front,0.521674,0.767062,0.101898,0.19957,0.9229,47-0-104-0
train,train/images/train_0104.jpg,,7,3,7/020284.jpg,front,0.8616,0.748716,0.11974,0.201813,0.9375,47-0-104-0
train,train/images/train_0104_aug1.jpg,train_0104,7007,0,7007/122097.jpg,front,0.153378,0.738998,0.084148,0.175325,,47-0-104-0
train,train/images/train_0104_aug1.jpg,train_0104,4428,4,4428/145187.jpg,front,0.473626,0.815957,0.089477,0.210757,,47-0-104-0
train,train/images/train_0104_aug1.jpg,train_0104,7,3,7/020284.jpg,front,0.767815,0.840553,0.104608,0.213277,,47-0-104-0
train,train/images/train_0104_aug2.jpg,train_0104,7007,0,7007/122097.jpg,front,0.228607,0.756189,0.084959,0.161753,,47-0-104-0
train,train/images/train_0104_aug2.jpg,train_0104,4428,4,4428/145187.jpg,front,0.559603,0.758799,0.090019,0.194527,,47-0-104-0
train,train/images/train_0104_aug2.jpg,train_0104,7,3,7/020284.jpg,front,0.858031,0.719403,0.105675,0.196751,,47-0-104-0
train,train/images/train_0105.jpg,,2336,2,2336/164885.jpg,front,0.244778,0.789132,0.138511,0.253242,0.9431,47-0-105-0
train,train/images/train_0105.jpg,,4428,4,4428/005770.jpg,front,0.775294,0.753571,0.155994,0.308013,0.9434,47-0-105-0
train,train/images/train_0105_aug1.jpg,train_0105,2336,2,2336/164885.jpg,front,0.742736,0.760291,0.126595,0.227831,,47-0-105-0
train,train/images/train_0105_aug1.jpg,train_0105,4428,4,4428/005770.jpg,front,0.258851,0.710517,0.14259,0.277099,,47-0-105-0
train,train/images/train_0105_aug2.jpg,train_0105,2336,2,2336/164885.jpg,front,0.162703,0.777907,0.153068,0.257064,,47-0-105-0
train,train/images/train_0105_aug2.jpg,train_0105,4428,4,4428/005770.jpg,front,0.747726,0.810911,0.172572,0.312549,,47-0-105-0
train,train/images/train_0106.jpg,,2336,2,2336/181421.jpg,front,0.103941,0.675017,0.122193,0.215174,0.939,47-0-106-0
train,train/images/train_0106.jpg,,4428,4,4428/057432.jpg,front,0.392559,0.673323,0.135279,0.250829,0.9506,47-0-106-0
train,train/images/train_0106.jpg,,7,3,7/019811.jpg,front,0.65252,0.66025,0.122222,0.241638,0.9338,47-0-106-0
train,train/images/train_0106.jpg,,2970,1,2970/059300.jpg,front,0.870985,0.678082,0.118084,0.200414,0.9352,47-0-106-0
train,train/images/train_0106_aug1.jpg,train_0106,2336,2,2336/181421.jpg,front,0.85399,0.760162,0.107232,0.24017,,47-0-106-0
train,train/images/train_0106_aug1.jpg,train_0106,4428,4,4428/057432.jpg,front,0.603105,0.731533,0.118833,0.279933,,47-0-106-0
train,train/images/train_0106_aug1.jpg,train_0106,7,3,7/019811.jpg,front,0.377903,0.692872,0.107508,0.269643,,47-0-106-0
train,train/images/train_0106_aug1.jpg,train_0106,2970,1,2970/059300.jpg,front,0.186723,0.692512,0.103559,0.223717,,47-0-106-0
train,train/images/train_0106_aug2.jpg,train_0106,2336,2,2336/181421.jpg,front,0.128614,0.623277,0.116029,0.207886,,47-0-106-0
train,train/images/train_0106_aug2.jpg,train_0106,4428,4,4428/057432.jpg,front,0.401266,0.649966,0.128529,0.242297,,47-0-106-0
train,train/images/train_0106_aug2.jpg,train_0106,7,3,7/019811.jpg,front,0.647498,0.662868,0.11622,0.233377,,47-0-106-0
train,train/images/train_0106_aug2.jpg,train_0106,2970,1,2970/059300.jpg,front,0.8528,0.701505,0.112083,0.193649,,47-0-106-0
train,train/images/train_0107.jpg,,4428,4,4428/096574.jpg,front,0.225807,0.811065,0.157838,0.282942,0.948,47-0-107-0
train,train/images/train_0107.jpg,,7007,0,7007/095414.jpg,front,0.706771,0.797406,0.149966,0.270647,0.9393,47-0-107-0
train,train/images/train_0107_aug1.jpg,train_0107,4428,4,4428/096574.jpg,front,0.736535,0.819526,0.143786,0.312496,,47-0-107-0
train,train/images/train_0107_aug1.jpg,train_0107,7007,0,7007/095414.jpg,front,0.300571,0.846055,0.136629,0.298914,,47-0-107-0
train,train/images/train_0107_aug2.jpg,train_0107,4428,4,4428/096574.jpg,front,0.225807,0.811065,0.157838,0.282942,,47-0-107-0
train,train/images/train_0107_aug2.jpg,train_0107,7007,0,7007/095414.jpg,front,0.706771,0.797406,0.149966,0.270647,,47-0-107-0
train,train/images/train_0108.jpg,,2970,1,2970/053583.jpg,front,0.256865,0.749088,0.129219,0.2214,0.9386,47-0-108-0
train,train/images/train_0108.jpg,,7007,0,7007/095414.jpg,front,0.692671,0.736032,0.137306,0.2491,0.9385,47-0-108-0
train,train/images/train_0108_aug1.jpg,train_0108,2970,1,2970/053583.jpg,front,0.314995,0.813385,0.13347,0.240861,,47-0-108-0
train,train/images/train_0108_aug1.jpg,train_0108,7007,0,7007/095414.jpg,front,0.761753,0.752271,0.141916,0.27095,,47-0-108-0
train,train/images/train_0108_aug2.jpg,train_0108,2970,1,2970/053583.jpg,front,0.703501,0.787813,0.111442,0.240726,,47-0-108-0
train,train/images/train_0108_aug2.jpg,train_0108,7007,0,7007/095414.jpg,front,0.32969,0.811387,0.118521,0.270807,,47-0-108-0
train,train/images/train_0109.jpg,,7007,0,7007/158011.jpg,front,0.254538,0.721066,0.143195,0.235065,0.9443,47-0-109-1
train,train/images/train_0109.jpg,,7,3,7/157436.jpg,front,0.725299,0.726082,0.154877,0.263683,0.9453,47-0-109-1
train,train/images/train_0109_aug1.jpg,train_0109,7007,0,7007/158011.jpg,front,0.745475,0.738702,0.145547,0.248103,,47-0-109-1
train,train/images/train_0109_aug1.jpg,train_0109,7,3,7/157436.jpg,front,0.269076,0.787387,0.157465,0.27828,,47-0-109-1
train,train/images/train_0109_aug2.jpg,train_0109,7007,0,7007/158011.jpg,front,0.294669,0.730117,0.137345,0.268159,,47-0-109-1
train,train/images/train_0109_aug2.jpg,train_0109,7,3,7/157436.jpg,front,0.739022,0.805427,0.148714,0.300743,,47-0-109-1
train,train/images/train_0110.jpg,,4428,4,4428/096574.jpg,front,0.192007,0.829594,0.092984,0.16958,0.9385,47-0-110-0
train,train/images/train_0110.jpg,,2336,2,2336/174818.jpg,front,0.496323,0.795563,0.091782,0.168117,0.9318,47-0-110-0
train,train/images/train_0110.jpg,,2970,1,2970/096579.jpg,front,0.825963,0.792092,0.088865,0.17533,0.9356,47-0-110-0
train,train/images/train_0110.jpg,,7,3,7/038132.jpg,back,0.33185,0.634767,0.087643,0.154176,0.9412,47-0-110-0
train,train/images/train_0110.jpg,,7007,0,7007/158011.jpg,back,0.065307,0.630421,0.082076,0.135271,0.938,47-0-110-0
train,train/images/train_0110_aug1.jpg,train_0110,4428,4,4428/096574.jpg,front,0.17635,0.749552,0.098562,0.167045,,47-0-110-0
train,train/images/train_0110_aug1.jpg,train_0110,2336,2,2336/174818.jpg,front,0.499204,0.751763,0.097293,0.165601,,47-0-110-0
train,train/images/train_0110_aug1.jpg,train_0110,2970,1,2970/096579.jpg,front,0.846872,0.786983,0.094282,0.172652,,47-0-110-0
train,train/images/train_0110_aug1.jpg,train_0110,7,3,7/038132.jpg,back,0.335728,0.574432,0.092864,0.151897,,47-0-110-0
train,train/images/train_0110_aug1.jpg,train_0110,7007,0,7007/158011.jpg,back,0.055048,0.538923,0.086907,0.133313,,47-0-110-0
train,train/images/train_0110_aug2.jpg,train_0110,4428,4,4428/096574.jpg,front,0.298354,0.788821,0.079572,0.155834,,47-0-110-0
train,train/images/train_0110_aug2.jpg,train_0110,2336,2,2336/174818.jpg,front,0.553585,0.723065,0.078551,0.154486,,47-0-110-0
train,train/images/train_0110_aug2.jpg,train_0110,2970,1,2970/096579.jpg,front,0.832367,0.682452,0.07619,0.16106,,47-0-110-0
train,train/images/train_0110_aug2.jpg,train_0110,7,3,7/038132.jpg,back,0.403244,0.594318,0.074947,0.141703,,47-0-110-0
train,train/images/train_0110_aug2.jpg,train_0110,7007,0,7007/158011.jpg,back,0.177331,0.6206,0.070099,0.124368,,47-0-110-0
train,train/images/train_0111.jpg,,2970,1,2970/143208.jpg,front,0.173629,0.690998,0.110861,0.200951,0.9244,47-0-111-0
train,train/images/train_0111.jpg,,7,3,7/003099.jpg,front,0.518342,0.685521,0.123111,0.20111,0.9388,47-0-111-0
train,train/images/train_0111.jpg,,2336,2,2336/174486.jpg,front,0.851188,0.690791,0.117815,0.227684,0.9347,47-0-111-0
train,train/images/train_0111_aug1.jpg,train_0111,2970,1,2970/143208.jpg,front,0.164656,0.74222,0.126117,0.177718,,47-0-111-0
train,train/images/train_0111_aug1.jpg,train_0111,7,3,7/003099.jpg,front,0.554617,0.689217,0.139932,0.178009,,47-0-111-0
train,train/images/train_0111_aug1.jpg,train_0111,2336,2,2336/174486.jpg,front,0.931797,0.64734,0.134119,0.201264,,47-0-111-0
train,train/images/train_0111_aug2.jpg,train_0111,2970,1,2970/143208.jpg,front,0.826371,0.690998,0.110861,0.200951,,47-0-111-0
train,train/images/train_0111_aug2.jpg,train_0111,7,3,7/003099.jpg,front,0.481658,0.685521,0.123111,0.20111,,47-0-111-0
train,train/images/train_0111_aug2.jpg,train_0111,2336,2,2336/174486.jpg,front,0.148812,0.690791,0.117815,0.227684,,47-0-111-0
train,train/images/train_0112.jpg,,7007,0,7007/158011.jpg,front,0.156184,0.831286,0.145923,0.238633,0.9336,47-0-112-0
train,train/images/train_0112.jpg,,2970,1,2970/079293.jpg,front,0.519856,0.853938,0.139487,0.246942,0.9501,47-0-112-0
train,train/images/train_0112.jpg,,4428,4,4428/145187.jpg,front,0.814395,0.811123,0.161904,0.301341,0.9391,47-0-112-0
train,train/images/train_0112_aug1.jpg,train_0112,7007,0,7007/158011.jpg,front,0.186169,0.823381,0.144101,0.221921,,47-0-112-0
train,train/images/train_0112_aug1.jpg,train_0112,2970,1,2970/079293.jpg,front,0.544849,0.802603,0.137866,0.229557,,47-0-112-0
train,train/images/train_0112_aug1.jpg,train_0112,4428,4,4428/145187.jpg,front,0.831614,0.729057,0.160121,0.280059,,47-0-112-0
train,train/images/train_0112_aug2.jpg,train_0112,7007,0,7007/158011.jpg,front,0.219273,0.810058,0.138671,0.239767,,47-0-112-0
train,train/images/train_0112_aug2.jpg,train_0112,2970,1,2970/079293.jpg,front,0.565124,0.819831,0.13257,0.248109,,47-0-112-0
train,train/images/train_0112_aug2.jpg,train_0112,4428,4,4428/145187.jpg,front,0.843931,0.766308,0.153886,0.302759,,47-0-112-0
train,train/images/train_0113.jpg,,7,3,7/022384.jpg,front,0.109099,0.854761,0.101878,0.171633,0.9259,47-0-113-0
train,train/images/train_0113.jpg,,4428,4,4428/099151.jpg,front,0.366539,0.808797,0.101659,0.195343,0.9336,47-0-113-0
train,train/images/train_0113.jpg,,7007,0,7007/158011.jpg,front,0.599698,0.834364,0.09925,0.161089,0.9358,47-0-113-0
train,train/images/train_0113.jpg,,2336,2,2336/180987.jpg,front,0.844368,0.824946,0.09531,0.178942,0.9314,47-0-113-0
train,train/images/train_0113_aug1.jpg,train_0113,7,3,7/022384.jpg,front,0.131728,0.888901,0.102303,0.192071,,47-0-113-0
train,train/images/train_0113_aug1.jpg,train_0113,4428,4,4428/099151.jpg,front,0.389833,0.834021,0.102087,0.218605,,47-0-113-0
train,train/images/train_0113_aug1.jpg,train_0113,7007,0,7007/158011.jpg,front,0.624158,0.859514,0.099664,0.180272,,47-0-113-0
train,train/images/train_0113_aug1.jpg,train_0113,2336,2,2336/180987.jpg,front,0.869748,0.845703,0.09571,0.200251,,47-0-113-0
train,train/images/train_0113_aug2.jpg,train_0113,7,3,7/022384.jpg,front,0.888434,0.839867,0.108464,0.170176,,47-0-113-0
train,train/images/train_0113_aug2.jpg,train_0113,4428,4,4428/099151.jpg,front,0.61568,0.782294,0.108252,0.193668,,47-0-113-0
train,train/images/train_0113_aug2.jpg,train_0113,7007,0,7007/158011.jpg,front,0.367007,0.796751,0.105661,0.159728,,47-0-113-0
train,train/images/train_0113_aug2.jpg,train_0113,2336,2,2336/180987.jpg,front,0.106944,0.775997,0.101486,0.177409,,47-0-113-0
train,train/images/train_0114.jpg,,7,3,7/140464.jpg,front,0.196958,0.671184,0.127685,0.221305,0.9452,47-0-114-0
train,train/images/train_0114.jpg,,2970,1,2970/088573.jpg,front,0.749934,0.677837,0.113934,0.187137,0.9399,47-0-114-0
train,train/images/train_0114_aug1.jpg,train_0114,7,3,7/140464.jpg,front,0.862464,0.69111,0.131896,0.209143,,47-0-114-0
train,train/images/train_0114_aug1.jpg,train_0114,2970,1,2970/088573.jpg,front,0.291278,0.701654,0.117692,0.176852,,47-0-114-0
train,train/images/train_0114_aug2.jpg,train_0114,7,3,7/140464.jpg,front,0.191459,0.677115,0.117201,0.200843,,47-0-114-0
train,train/images/train_0114_aug2.jpg,train_0114,2970,1,2970/088573.jpg,front,0.697616,0.640053,0.104542,0.169859,,47-0-114-0
train,train/images/train_0115.jpg,,2336,2,2336/176923.jpg,front,0.156894,0.826474,0.120536,0.211976,0.9219,47-0-115-0
train,train/images/train_0115.jpg,,7,3,7/157436.jpg,front,0.514725,0.79734,0.147155,0.243428,0.9453,47-0-115-0
train,train/images/train_0115.jpg,,7007,0,7007/011677.jpg,front,0.830226,0.816335,0.123832,0.197285,0.944,47-0-115-0
train,train/images/train_0115_aug1.jpg,train_0115,2336,2,2336/176923.jpg,front,0.780416,0.723302,0.106033,0.201004,,47-0-115-0
train,train/images/train_0115_aug1.jpg,train_0115,7,3,7/157436.jpg,front,0.467009,0.739662,0.129284,0.230903,,47-0-115-0
train,train/images/train_0115_aug1.jpg,train_0115,7007,0,7007/011677.jpg,front,0.194032,0.796341,0.108714,0.187183,,47-0-115-0
train,train/images/train_0115_aug2.jpg,train_0115,2336,2,2336/176923.jpg,front,0.847643,0.769099,0.119314,0.192677,,47-0-115-0
train,train/images/train_0115_aug2.jpg,train_0115,7,3,7/157436.jpg,front,0.493628,0.738431,0.145662,0.221266,,47-0-115-0
train,train/images/train_0115_aug2.jpg,train_0115,7007,0,7007/011677.jpg,front,0.181221,0.752005,0.122574,0.179324,,47-0-115-0
train,train/images/train_0116.jpg,,2970,1,2970/143208.jpg,front,0.188998,0.676848,0.100158,0.182429,0.9415,47-0-116-0
train,train/images/train_0116.jpg,,2336,2,2336/174818.jpg,front,0.503756,0.649919,0.103303,0.181639,0.929,47-0-116-0
train,train/images/train_0116.jpg,,7,3,7/009932.jpg,front,0.809875,0.669285,0.103383,0.16592,0.9438,47-0-116-0
train,train/images/train_0116.jpg,,7007,0,7007/035390.jpg,back,0.057522,0.504314,0.070905,0.137754,0.9251,47-0-116-0
train,train/images/train_0116.jpg,,4428,4,4428/053429.jpg,back,0.956531,0.503192,0.073964,0.135253,0.9332,47-0-116-0
train,train/images/train_0116_aug1.jpg,train_0116,2970,1,2970/143208.jpg,front,0.789926,0.630296,0.09681,0.20108,,47-0-116-0
train,train/images/train_0116_aug1.jpg,train_0116,2336,2,2336/174818.jpg,front,0.486899,0.638739,0.09978,0.200237,,47-0-116-0
train,train/images/train_0116_aug1.jpg,train_0116,7,3,7/009932.jpg,front,0.195755,0.697074,0.099684,0.182984,,47-0-116-0
train,train/images/train_0116_aug1.jpg,train_0116,7007,0,7007/035390.jpg,back,0.902112,0.42456,0.068641,0.151808,,47-0-116-0
train,train/images/train_0116_aug1.jpg,train_0116,4428,4,4428/053429.jpg,back,0.042541,0.532066,0.071498,0.149079,,47-0-116-0
train,train/images/train_0116_aug2.jpg,train_0116,2970,1,2970/143208.jpg,front,0.187903,0.672457,0.087913,0.193685,,47-0-116-0
train,train/images/train_0116_aug2.jpg,train_0116,2336,2,2336/174818.jpg,front,0.462439,0.62725,0.090657,0.192853,,47-0-116-0
train,train/images/train_0116_aug2.jpg,train_0116,7,3,7/009932.jpg,front,0.731081,0.631633,0.090687,0.17618,,47-0-116-0
train,train/images/train_0116_aug2.jpg,train_0116,7007,0,7007/035390.jpg,back,0.066607,0.496286,0.06226,0.146247,,47-0-116-0
train,train/images/train_0116_aug2.jpg,train_0116,4428,4,4428/053429.jpg,back,0.853464,0.447605,0.064923,0.143598,,47-0-116-0
train,train/images/train_0117.jpg,,2970,1,2970/155764.jpg,front,0.186094,0.7593,0.133052,0.223348,0.9484,47-0-117-1
train,train/images/train_0117.jpg,,4428,4,4428/021741.jpg,front,0.495415,0.785675,0.126179,0.209467,0.9369,47-0-117-1
train,train/images/train_0117.jpg,,2336,2,2336/179829.jpg,front,0.805943,0.775863,0.137058,0.24532,0.9496,47-0-117-1
train,train/images/train_0117_aug1.jpg,train_0117,2970,1,2970/155764.jpg,front,0.186446,0.760049,0.130321,0.248622,,47-0-117-1
train,train/images/train_0117_aug1.jpg,train_0117,4428,4,4428/021741.jpg,front,0.485868,0.820416,0.123573,0.233177,,47-0-117-1
train,train/images/train_0117_aug1.jpg,train_0117,2336,2,2336/179829.jpg,front,0.788799,0.84068,0.134359,0.273032,,47-0-117-1
train,train/images/train_0117_aug2.jpg,train_0117,2970,1,2970/155764.jpg,front,0.220599,0.714449,0.138209,0.200842,,47-0-117-1
train,train/images/train_0117_aug2.jpg,train_0117,4428,4,4428/021741.jpg,front,0.541826,0.740192,0.13107,0.188359,,47-0-117-1
train,train/images/train_0117_aug2.jpg,train_0117,2336,2,2336/179829.jpg,front,0.864423,0.733402,0.142371,0.220599,,47-0-117-1
train,train/images/train_0118.jpg,,7007,0,7007/095414.jpg,front,0.267234,0.725341,0.099154,0.183434,0.9297,47-0-118-0
train,train/images/train_0118.jpg,,2336,2,2336/174818.jpg,front,0.700122,0.699195,0.103081,0.192949,0.9238,47-0-118-0
train,train/images/train_0118_aug1.jpg,train_0118,7007,0,7007/095414.jpg,front,0.284218,0.75304,0.104811,0.195659,,47-0-118-0
train,train/images/train_0118_aug1.jpg,train_0118,2336,2,2336/174818.jpg,front,0.74204,0.741784,0.108964,0.205807,,47-0-118-0
train,train/images/train_0118_aug2.jpg,train_0118,7007,0,7007/095414.jpg,front,0.19646,0.738307,0.108664,0.200189,,47-0-118-0
train,train/images/train_0118_aug2.jpg,train_0118,2336,2,2336/174818.jpg,front,0.668482,0.772433,0.112994,0.210562,,47-0-118-0
train,train/images/train_0119.jpg,,7007,0,7007/010363.jpg,front,0.174786,0.799487,0.134171,0.231676,0.9416,47-0-119-1
train,train/images/train_0119.jpg,,7,3,7/019811.jpg,front,0.504018,0.776857,0.1472,0.279199,0.938,47-0-119-1
train,train/images/train_0119.jpg,,4428,4,4428/096574.jpg,front,0.864679,0.824518,0.144385,0.261608,0.9502,47-0-119-1
train,train/images/train_0119_aug1.jpg,train_0119,7007,0,7007/010363.jpg,front,0.174786,0.799487,0.134171,0.231676,,47-0-119-1
train,train/images/train_0119_aug1.jpg,train_0119,7,3,7/019811.jpg,front,0.504018,0.776857,0.1472,0.279199,,47-0-119-1
train,train/images/train_0119_aug1.jpg,train_0119,4428,4,4428/096574.jpg,front,0.864679,0.824517,0.144385,0.261608,,47-0-119-1
train,train/images/train_0119_aug2.jpg,train_0119,7007,0,7007/010363.jpg,front,0.149142,0.790434,0.13523,0.215532,,47-0-119-1
train,train/images/train_0119_aug2.jpg,train_0119,7,3,7/019811.jpg,front,0.480823,0.802472,0.148482,0.259661,,47-0-119-1
train,train/images/train_0119_aug2.jpg,train_0119,4428,4,4428/096574.jpg,front,0.840383,0.880633,0.14558,0.238735,,47-0-119-1
train,train/images/train_0120.jpg,,7007,0,7007/158812.jpg,front,0.094576,0.674439,0.090622,0.165285,0.9302,47-0-120-0
train,train/images/train_0120.jpg,,7,3,7/131364.jpg,front,0.371867,0.701637,0.117215,0.189726,0.9282,47-0-120-0
train,train/images/train_0120.jpg,,4428,4,4428/053429.jpg,front,0.628309,0.682135,0.113449,0.199813,0.9316,47-0-120-0
train,train/images/train_0120.jpg,,2970,1,2970/079293.jpg,front,0.877947,0.712778,0.108016,0.196104,0.9344,47-0-120-0
train,train/images/train_0120_aug1.jpg,train_0120,7007,0,7007/158812.jpg,front,0.094576,0.674439,0.090622,0.165285,,47-0-120-0
train,train/images/train_0120_aug1.jpg,train_0120,7,3,7/131364.jpg,front,0.371867,0.701637,0.117215,0.189726,,47-0-120-0
train,train/images/train_0120_aug1.jpg,train_0120,4428,4,4428/053429.jpg,front,0.628309,0.682135,0.113449,0.199813,,47-0-120-0
train,train/images/train_0120_aug1.jpg,train_0120,2970,1,2970/079293.jpg,front,0.877947,0.712778,0.108016,0.196104,,47-0-120-0
train,train/images/train_0120_aug2.jpg,train_0120,7007,0,7007/158812.jpg,front,0.894522,0.67522,0.087058,0.173426,,47-0-120-0
train,train/images/train_0120_aug2.jpg,train_0120,7,3,7/131364.jpg,front,0.627848,0.697693,0.112599,0.199075,,47-0-120-0
train,train/images/train_0120_aug2.jpg,train_0120,4428,4,4428/053429.jpg,front,0.381826,0.671624,0.108986,0.209655,,47-0-120-0
train,train/images/train_0120_aug2.jpg,train_0120,2970,1,2970/079293.jpg,front,0.141664,0.698317,0.103768,0.205763,,47-0-120-0
train,train/images/train_0121.jpg,,4428,4,4428/137090.jpg,front,0.210087,0.751382,0.119988,0.206994,0.9266,47-0-121-1
train,train/images/train_0121.jpg,,2336,2,2336/170089.jpg,front,0.709979,0.750163,0.118973,0.216312,0.9362,47-0-121-1
train,train/images/train_0121_aug1.jpg,train_0121,4428,4,4428/137090.jpg,front,0.808042,0.81694,0.132414,0.227397,,47-0-121-1
train,train/images/train_0121_aug1.jpg,train_0121,2336,2,2336/170089.jpg,front,0.258656,0.764717,0.131349,0.237599,,47-0-121-1
train,train/images/train_0121_aug2.jpg,train_0121,4428,4,4428/137090.jpg,front,0.790583,0.735134,0.122029,0.199372,,47-0-121-1
train,train/images/train_0121_aug2.jpg,train_0121,2336,2,2336/170089.jpg,front,0.2829,0.705537,0.121014,0.208334,,47-0-121-1
train,train/images/train_0122.jpg,,2336,2,2336/174476.jpg,front,0.104292,0.755541,0.096806,0.187305,0.9367,47-0-122-0
train,train/images/train_0122.jpg,,7007,0,7007/011677.jpg,front,0.395948,0.781516,0.092853,0.153016,0.9348,47-0-122-0
train,train/images/train_0122.jpg,,7,3,7/090356.jpg,front,0.610823,0.751881,0.092716,0.151165,0.9272,47-0-122-0
train,train/images/train_0122.jpg,,2970,1,2970/050785.jpg,front,0.896467,0.758998,0.086306,0.164354,0.9357,47-0-122-0
train,train/images/train_0122_aug1.jpg,train_0122,2336,2,2336/174476.jpg,front,0.104292,0.755541,0.096806,0.187305,,47-0-122-0
train,train/images/train_0122_aug1.jpg,train_0122,7007,0,7007/011677.jpg,front,0.395948,0.781516,0.092853,0.153016,,47-0-122-0
train,train/images/train_0122_aug1.jpg,train_0122,7,3,7/090356.jpg,front,0.610823,0.751881,0.092716,0.151165,,47-0-122-0
train,train/images/train_0122_aug1.jpg,train_0122,2970,1,2970/050785.jpg,front,0.896467,0.758998,0.086306,0.164354,,47-0-122-0
train,train/images/train_0122_aug2.jpg,train_0122,2336,2,2336/174476.jpg,front,0.895708,0.755541,0.096806,0.187305,,47-0-122-0
train,train/images/train_0122_aug2.jpg,train_0122,7007,0,7007/011677.jpg,front,0.604052,0.781516,0.092853,0.153016,,47-0-122-0
train,train/images/train_0122_aug2.jpg,train_0122,7,3,7/090356.jpg,front,0.389177,0.751881,0.092716,0.151165,,47-0-122-0
train,train/images/train_0122_aug2.jpg,train_0122,2970,1,2970/050785.jpg,front,0.103533,0.758998,0.086306,0.164354,,47-0-122-0
train,train/images/train_0123.jpg,,4428,4,4428/005770.jpg,front,0.253498,0.870308,0.130981,0.237954,0.9433,47-0-123-1
train,train/images/train_0123.jpg,,7007,0,7007/122097.jpg,front,0.732725,0.877573,0.119662,0.190021,0.9303,47-0-123-1
train,train/images/train_0123.jpg,,2336,2,2336/177788.jpg,back,0.066411,0.61825,0.104702,0.191463,0.9179,47-0-123-1
train,train/images/train_0123.jpg,,2970,1,2970/096579.jpg,back,0.902244,0.631224,0.114787,0.201308,0.9259,47-0-123-1
train,train/images/train_0123_aug1.jpg,train_0123,4428,4,4428/005770.jpg,front,0.746502,0.870308,0.130981,0.237954,,47-0-123-1
train,train/images/train_0123_aug1.jpg,train_0123,7007,0,7007/122097.jpg,front,0.267275,0.877573,0.119662,0.190021,,47-0-123-1
train,train/images/train_0123_aug1.jpg,train_0123,2336,2,2336/177788.jpg,back,0.933589,0.61825,0.104702,0.191463,,47-0-123-1
train,train/images/train_0123_aug1.jpg,train_0123,2970,1,2970/096579.jpg,back,0.097756,0.631224,0.114787,0.201308,,47-0-123-1
train,train/images/train_0123_aug2.jpg,train_0123,4428,4,4428/005770.jpg,front,0.732611,0.848107,0.123296,0.214054,,47-0-123-1
train,train/images/train_0123_aug2.jpg,train_0123,7007,0,7007/122097.jpg,front,0.281651,0.838319,0.112623,0.170945,,47-0-123-1
train,train/images/train_0123_aug2.jpg,train_0123,2336,2,2336/177788.jpg,back,0.913227,0.627785,0.09856,0.172232,,47-0-123-1
train,train/images/train_0123_aug2.jpg,train_0123,2970,1,2970/096579.jpg,back,0.12669,0.610985,0.108047,0.181091,,47-0-123-1
train,train/images/train_0124.jpg,,4428,4,4428/144087.jpg,front,0.202658,0.689291,0.116865,0.206863,0.9314,47-0-124-0
train,train/images/train_0124.jpg,,7007,0,7007/122097.jpg,front,0.492829,0.731575,0.102241,0.177748,0.9357,47-0-124-0
train,train/images/train_0124.jpg,,2336,2,2336/179829.jpg,front,0.809408,0.678063,0.129275,0.22718,0.9415,47-0-124-0
train,train/images/train_0124_aug1.jpg,train_0124,4428,4,4428/144087.jpg,front,0.797342,0.689291,0.116865,0.206863,,47-0-124-0
train,train/images/train_0124_aug1.jpg,train_0124,7007,0,7007/122097.jpg,front,0.507171,0.731575,0.102241,0.177748,,47-0-124-0
train,train/images/train_0124_aug1.jpg,train_0124,2336,2,2336/179829.jpg,front,0.190592,0.678063,0.129275,0.22718,,47-0-124-0
train,train/images/train_0124_aug2.jpg,train_0124,4428,4,4428/144087.jpg,front,0.797342,0.689291,0.116865,0.206863,,47-0-124-0
train,train/images/train_0124_aug2.jpg,train_0124,7007,0,7007/122097.jpg,front,0.507171,0.731575,0.102241,0.177748,,47-0-124-0
train,train/images/train_0124_aug2.jpg,train_0124,2336,2,2336/179829.jpg,front,0.190592,0.678063,0.129275,0.22718,,47-0-124-0
train,train/images/train_0125.jpg,,4428,4,4428/053403.jpg,front,0.139224,0.666184,0.111521,0.198069,0.929,47-0-125-0
train,train/images/train_0125.jpg,,2336,2,2336/180676.jpg,front,0.369125,0.609813,0.110423,0.206426,0.9201,47-0-125-0
train,train/images/train_0125.jpg,,7,3,7/017587.jpg,front,0.614236,0.659389,0.116028,0.190476,0.9343,47-0-125-0
train,train/images/train_0125.jpg,,2970,1,2970/143208.jpg,front,0.857184,0.617705,0.123816,0.213801,0.9404,47-0-125-0
train,train/images/train_0125_aug1.jpg,train_0125,4428,4,4428/053403.jpg,front,0.87233,0.629539,0.107376,0.204055,,47-0-125-0
train,train/images/train_0125_aug1.jpg,train_0125,2336,2,2336/180676.jpg,front,0.649213,0.588417,0.106358,0.21265,,47-0-125-0
train,train/images/train_0125_aug1.jpg,train_0125,7,3,7/017587.jpg,front,0.4162,0.657476,0.111661,0.196255,,47-0-125-0
train,train/images/train_0125_aug1.jpg,train_0125,2970,1,2970/143208.jpg,front,0.181214,0.632433,0.11919,0.220271,,47-0-125-0
train,train/images/train_0125_aug2.jpg,train_0125,4428,4,4428/053403.jpg,front,0.115048,0.744103,0.121356,0.180017,,47-0-125-0
train,train/images/train_0125_aug2.jpg,train_0125,2336,2,2336/180676.jpg,front,0.360308,0.662084,0.12023,0.187544,,47-0-125-0
train,train/images/train_0125_aug2.jpg,train_0125,7,3,7/017587.jpg,front,0.628749,0.673972,0.126158,0.173219,,47-0-125-0
train,train/images/train_0125_aug2.jpg,train_0125,2970,1,2970/143208.jpg,front,0.889063,0.603497,0.134696,0.194356,,47-0-125-0
train,train/images/train_0126.jpg,,7,3,7/009932.jpg,front,0.187286,0.808475,0.115703,0.195921,0.9332,47-0-126-1
train,train/images/train_0126.jpg,,7007,0,7007/122097.jpg,front,0.476601,0.804044,0.094592,0.159181,0.9317,47-0-126-1
train,train/images/train_0126.jpg,,4428,4,4428/057432.jpg,front,0.793295,0.82126,0.126367,0.219548,0.9479,47-0-126-1
train,train/images/train_0126_aug1.jpg,train_0126,7,3,7/009932.jpg,front,0.812714,0.808475,0.115703,0.195921,,47-0-126-1
train,train/images/train_0126_aug1.jpg,train_0126,7007,0,7007/122097.jpg,front,0.523399,0.804044,0.094592,0.159181,,47-0-126-1
train,train/images/train_0126_aug1.jpg,train_0126,4428,4,4428/057432.jpg,front,0.206705,0.82126,0.126367,0.219548,,47-0-126-1
train,train/images/train_0126_aug2.jpg,train_0126,7,3,7/009932.jpg,front,0.761711,0.79971,0.104604,0.178938,,47-0-126-1
train,train/images/train_0126_aug2.jpg,train_0126,7007,0,7007/122097.jpg,front,0.500442,0.81126,0.085517,0.145384,,47-0-126-1
train,train/images/train_0126_aug2.jpg,train_0126,4428,4,4428/057432.jpg,front,0.215123,0.844043,0.114254,0.200511,,47-0-126-1
train,train/images/train_0127.jpg,,2970,1,2970/096579.jpg,front,0.258807,0.78546,0.089955,0.168363,0.9324,47-0-127-1
train,train/images/train_0127.jpg,,4428,4,4428/128332.jpg,front,0.760459,0.762666,0.101068,0.182321,0.9394,47-0-127-1
train,train/images/train_0127_aug1.jpg,train_0127,2970,1,2970/096579.jpg,front,0.747599,0.814808,0.094674,0.182726,,47-0-127-1
train,train/images/train_0127_aug1.jpg,train_0127,4428,4,4428/128332.jpg,front,0.219629,0.790078,0.10637,0.197874,,47-0-127-1
train,train/images/train_0127_aug2.jpg,train_0127,2970,1,2970/096579.jpg,front,0.687392,0.738385,0.091929,0.145742,,47-0-127-1
train,train/images/train_0127_aug2.jpg,train_0127,4428,4,4428/128332.jpg,front,0.177624,0.670056,0.103259,0.157845,,47-0-127-1
train,train/images/train_0128.jpg,,7,3,7/121574.jpg,front,0.189539,0.820084,0.125442,0.217439,0.9448,47-0-128-0
train,train/images/train_0128.jpg,,7007,0,7007/010363.jpg,front,0.462604,0.850951,0.113718,0.20536,0.9228,47-0-128-0
train,train/images/train_0128.jpg,,4428,4,4428/053931.jpg,front,0.808111,0.857486,0.120104,0.223579,0.9304,47-0-128-0
train,train/images/train_0128_aug1.jpg,train_0128,7,3,7/121574.jpg,front,0.206087,0.758203,0.114362,0.197562,,47-0-128-0
train,train/images/train_0128_aug1.jpg,train_0128,7007,0,7007/010363.jpg,front,0.454651,0.791468,0.103675,0.186585,,47-0-128-0
train,train/images/train_0128_aug1.jpg,train_0128,4428,4,4428/053931.jpg,front,0.769506,0.804012,0.109499,0.203138,,47-0-128-0
train,train/images/train_0128_aug2.jpg,train_0128,7,3,7/121574.jpg,front,0.189539,0.820084,0.125442,0.217439,,47-0-128-0
train,train/images/train_0128_aug2.jpg,train_0128,7007,0,7007/010363.jpg,front,0.462604,0.850951,0.113718,0.20536,,47-0-128-0
train,train/images/train_0128_aug2.jpg,train_0128,4428,4,4428/053931.jpg,front,0.808111,0.857486,0.120104,0.223579,,47-0-128-0
train,train/images/train_0129.jpg,,2336,2,2336/165685.jpg,front,0.165063,0.746029,0.106088,0.19425,0.9246,47-0-129-0
train,train/images/train_0129.jpg,,4428,4,4428/101496.jpg,front,0.534304,0.75295,0.109,0.193733,0.933,47-0-129-0
train,train/images/train_0129.jpg,,7,3,7/019811.jpg,front,0.882462,0.704067,0.10995,0.208706,0.922,47-0-129-0
train,train/images/train_0129_aug1.jpg,train_0129,2336,2,2336/165685.jpg,front,0.834937,0.746029,0.106088,0.19425,,47-0-129-0
train,train/images/train_0129_aug1.jpg,train_0129,4428,4,4428/101496.jpg,front,0.465696,0.75295,0.109,0.193733,,47-0-129-0
train,train/images/train_0129_aug1.jpg,train_0129,7,3,7/019811.jpg,front,0.117538,0.704067,0.10995,0.208706,,47-0-129-0
train,train/images/train_0129_aug2.jpg,train_0129,2336,2,2336/165685.jpg,front,0.834937,0.746029,0.106088,0.19425,,47-0-129-0
train,train/images/train_0129_aug2.jpg,train_0129,4428,4,4428/101496.jpg,front,0.465696,0.75295,0.109,0.193733,,47-0-129-0
train,train/images/train_0129_aug2.jpg,train_0129,7,3,7/019811.jpg,front,0.117538,0.704067,0.10995,0.208706,,47-0-129-0
train,train/images/train_0130.jpg,,2336,2,2336/174486.jpg,front,0.298994,0.660979,0.127023,0.244282,0.9426,47-0-130-1
train,train/images/train_0130.jpg,,7,3,7/003099.jpg,front,0.697785,0.599503,0.152183,0.238272,0.9414,47-0-130-1
train,train/images/train_0130_aug1.jpg,train_0130,2336,2,2336/174486.jpg,front,0.315418,0.630582,0.112131,0.226609,,47-0-130-1
train,train/images/train_0130_aug1.jpg,train_0130,7,3,7/003099.jpg,front,0.667376,0.623396,0.133744,0.221308,,47-0-130-1
train,train/images/train_0130_aug2.jpg,train_0130,2336,2,2336/174486.jpg,front,0.25125,0.687749,0.13949,0.253254,,47-0-130-1
train,train/images/train_0130_aug2.jpg,train_0130,7,3,7/003099.jpg,front,0.690544,0.65191,0.167003,0.247093,,47-0-130-1
train,train/images/train_0131.jpg,,2970,1,2970/056956.jpg,front,0.226103,0.7798,0.114568,0.204171,0.9359,47-0-131-0
train,train/images/train_0131.jpg,,4428,4,4428/005770.jpg,front,0.793715,0.77913,0.124827,0.240423,0.9461,47-0-131-0
train,train/images/train_0131.jpg,,2336,2,2336/180987.jpg,back,0.488079,0.57767,0.095738,0.169998,0.9314,47-0-131-0
train,train/images/train_0131.jpg,,7,3,7/157832.jpg,back,0.941946,0.582381,0.102737,0.170046,0.9345,47-0-131-0
train,train/images/train_0131_aug1.jpg,train_0131,2970,1,2970/056956.jpg,front,0.213248,0.806903,0.111546,0.211604,,47-0-131-0
train,train/images/train_0131_aug1.jpg,train_0131,4428,4,4428/005770.jpg,front,0.764832,0.774333,0.121576,0.249156,,47-0-131-0
train,train/images/train_0131_aug1.jpg,train_0131,2336,2,2336/180987.jpg,back,0.46103,0.582797,0.093211,0.176188,,47-0-131-0
train,train/images/train_0131_aug1.jpg,train_0131,7,3,7/157832.jpg,back,0.902258,0.562189,0.100002,0.176251,,47-0-131-0
train,train/images/train_0131_aug2.jpg,train_0131,2970,1,2970/056956.jpg,front,0.725526,0.71582,0.106927,0.191718,,47-0-131-0
train,train/images/train_0131_aug2.jpg,train_0131,4428,4,4428/005770.jpg,front,0.197978,0.76336,0.116585,0.225714,,47-0-131-0
train,train/images/train_0131_aug2.jpg,train_0131,2336,2,2336/180987.jpg,back,0.47232,0.548494,0.08935,0.159631,,47-0-131-0
train,train/images/train_0131_aug2.jpg,train_0131,7,3,7/157832.jpg,back,0.05074,0.591428,0.09583,0.159707,,47-0-131-0
train,train/images/train_0132.jpg,,2336,2,2336/164885.jpg,front,0.125626,0.841759,0.092965,0.16774,0.9286,47-0-132-0
train,train/images/train_0132.jpg,,7,3,7/157436.jpg,front,0.381151,0.790173,0.112099,0.183459,0.9442,47-0-132-0
train,train/images/train_0132.jpg,,7007,0,7007/029779.jpg,front,0.603925,0.801005,0.096168,0.165908,0.9362,47-0-132-0
train,train/images/train_0132.jpg,,2970,1,2970/037362.jpg,front,0.876503,0.799157,0.102038,0.177993,0.9144,47-0-132-0
train,train/images/train_0132_aug1.jpg,train_0132,2336,2,2336/164885.jpg,front,0.88224,0.906994,0.082885,0.185139,,47-0-132-0
train,train/images/train_0132_aug1.jpg,train_0132,7,3,7/157436.jpg,front,0.653503,0.858141,0.099929,0.202495,,47-0-132-0
train,train/images/train_0132_aug1.jpg,train_0132,7007,0,7007/029779.jpg,front,0.455313,0.877137,0.085734,0.183119,,47-0-132-0
train,train/images/train_0132_aug1.jpg,train_0132,2970,1,2970/037362.jpg,front,0.212483,0.883715,0.090968,0.196457,,47-0-132-0
train,train/images/train_0132_aug2.jpg,train_0132,2336,2,2336/164885.jpg,front,0.900014,0.860021,0.100401,0.161638,,47-0-132-0
train,train/images/train_0132_aug2.jpg,train_0132,7,3,7/157436.jpg,front,0.630541,0.770448,0.120881,0.176939,,47-0-132-0
train,train/images/train_0132_aug2.jpg,train_0132,7007,0,7007/029779.jpg,front,0.391193,0.745913,0.103784,0.15993,,47-0-132-0
train,train/images/train_0132_aug2.jpg,train_0132,2970,1,2970/037362.jpg,front,0.099531,0.7014,0.110137,0.171564,,47-0-132-0
train,train/images/train_0133.jpg,,2970,1,2970/143208.jpg,front,0.264221,0.76459,0.14123,0.249202,0.9456,47-0-133-0
train,train/images/train_0133.jpg,,4428,4,4428/094613.jpg,front,0.789212,0.768933,0.122177,0.215653,0.9462,47-0-133-0
train,train/images/train_0133_aug1.jpg,train_0133,2970,1,2970/143208.jpg,front,0.730352,0.695932,0.123203,0.252189,,47-0-133-0
train,train/images/train_0133_aug1.jpg,train_0133,4428,4,4428/094613.jpg,front,0.277765,0.758908,0.106583,0.218237,,47-0-133-0
train,train/images/train_0133_aug2.jpg,train_0133,2970,1,2970/143208.jpg,front,0.744667,0.782463,0.14993,0.248937,,47-0-133-0
train,train/images/train_0133_aug2.jpg,train_0133,4428,4,4428/094613.jpg,front,0.187334,0.779778,0.129703,0.215423,,47-0-133-0
train,train/images/train_0134.jpg,,2336,2,2336/174476.jpg,front,0.278994,0.782284,0.126974,0.252393,0.9406,47-0-134-0
train,train/images/train_0134.jpg,,4428,4,4428/096574.jpg,front,0.765047,0.814673,0.149133,0.250417,0.9462,47-0-134-0
train,train/images/train_0134_aug1.jpg,train_0134,2336,2,2336/174476.jpg,front,0.70346,0.780165,0.129084,0.266333,,47-0-134-0
train,train/images/train_0134_aug1.jpg,train_0134,4428,4,4428/096574.jpg,front,0.211894,0.84564,0.15149,0.264299,,47-0-134-0
train,train/images/train_0134_aug2.jpg,train_0134,2336,2,2336/174476.jpg,front,0.687915,0.750672,0.138082,0.255074,,47-0-134-0
train,train/images/train_0134_aug2.jpg,train_0134,4428,4,4428/096574.jpg,front,0.159066,0.77151,0.162168,0.253086,,47-0-134-0
train,train/images/train_0135.jpg,,2970,1,2970/050785.jpg,front,0.264781,0.601221,0.138166,0.255799,0.9391,47-0-135-0
train,train/images/train_0135.jpg,,2336,2,2336/177788.jpg,front,0.723991,0.574561,0.145721,0.284521,0.9558,47-0-135-0
train,train/images/train_0135_aug1.jpg,train_0135,2970,1,2970/050785.jpg,front,0.735219,0.601221,0.138166,0.255799,,47-0-135-0
train,train/images/train_0135_aug1.jpg,train_0135,2336,2,2336/177788.jpg,front,0.276009,0.574561,0.145721,0.284521,,47-0-135-0
train,train/images/train_0135_aug2.jpg,train_0135,2970,1,2970/050785.jpg,front,0.318481,0.550302,0.130827,0.245499,,47-0-135-0
train,train/images/train_0135_aug2.jpg,train_0135,2336,2,2336/177788.jpg,front,0.753312,0.52506,0.137981,0.273064,,47-0-135-0
train,train/images/train_0136.jpg,,2970,1,2970/088573.jpg,front,0.185166,0.760745,0.126664,0.225431,0.9452,47-0-136-0
train,train/images/train_0136.jpg,,7,3,7/090356.jpg,front,0.467018,0.751535,0.129252,0.215404,0.9356,47-0-136-0
train,train/images/train_0136.jpg,,2336,2,2336/180362.jpg,front,0.865727,0.720189,0.133494,0.246967,0.9469,47-0-136-0
train,train/images/train_0136_aug1.jpg,train_0136,2970,1,2970/088573.jpg,front,0.197532,0.779645,0.118741,0.257963,,47-0-136-0
train,train/images/train_0136_aug1.jpg,train_0136,7,3,7/090356.jpg,front,0.461614,0.764983,0.121164,0.246489,,47-0-136-0
train,train/images/train_0136_aug1.jpg,train_0136,2336,2,2336/180362.jpg,front,0.835,0.723281,0.125146,0.282607,,47-0-136-0
train,train/images/train_0136_aug2.jpg,train_0136,2970,1,2970/088573.jpg,front,0.814834,0.760745,0.126664,0.225431,,47-0-136-0
train,train/images/train_0136_aug2.jpg,train_0136,7,3,7/090356.jpg,front,0.532982,0.751535,0.129252,0.215404,,47-0-136-0
train,train/images/train_0136_aug2.jpg,train_0136,2336,2,2336/180362.jpg,front,0.134273,0.720189,0.133494,0.246967,,47-0-136-0
train,train/images/train_0137.jpg,,7,3,7/019811.jpg,front,0.213794,0.836784,0.095679,0.178993,0.9065,47-0-137-0
train,train/images/train_0137.jpg,,4428,4,4428/092959.jpg,front,0.495878,0.819826,0.095333,0.175524,0.9294,47-0-137-0
train,train/images/train_0137.jpg,,2336,2,2336/180676.jpg,front,0.857019,0.834391,0.085089,0.164325,0.9282,47-0-137-0
train,train/images/train_0137_aug1.jpg,train_0137,7,3,7/019811.jpg,front,0.200475,0.727253,0.107045,0.166428,,47-0-137-0
train,train/images/train_0137_aug1.jpg,train_0137,4428,4,4428/092959.jpg,front,0.514538,0.760205,0.106627,0.16323,,47-0-137-0
train,train/images/train_0137_aug1.jpg,train_0137,2336,2,2336/180676.jpg,front,0.913684,0.835954,0.095255,0.15274,,47-0-137-0
train,train/images/train_0137_aug2.jpg,train_0137,7,3,7/019811.jpg,front,0.762434,0.803901,0.08846,0.187431,,47-0-137-0
train,train/images/train_0137_aug2.jpg,train_0137,4428,4,4428/092959.jpg,front,0.501616,0.786566,0.088141,0.183799,,47-0-137-0
train,train/images/train_0137_aug2.jpg,train_0137,2336,2,2336/180676.jpg,front,0.167735,0.802357,0.078669,0.172072,,47-0-137-0
train,train/images/train_0138.jpg,,4428,4,4428/053403.jpg,front,0.295931,0.801144,0.116032,0.203434,0.9331,47-0-138-1
train,train/images/train_0138.jpg,,2970,1,2970/140037.jpg,front,0.749073,0.819738,0.11189,0.205723,0.9302,47-0-138-1
train,train/images/train_0138_aug1.jpg,train_0138,4428,4,4428/053403.jpg,front,0.695131,0.759022,0.132055,0.173754,,47-0-138-1
train,train/images/train_0138_aug1.jpg,train_0138,2970,1,2970/140037.jpg,front,0.179873,0.724875,0.127373,0.175667,,47-0-138-1
train,train/images/train_0138_aug2.jpg,train_0138,4428,4,4428/053403.jpg,front,0.704069,0.801144,0.116032,0.203434,,47-0-138-1
train,train/images/train_0138_aug2.jpg,train_0138,2970,1,2970/140037.jpg,front,0.250926,0.819738,0.11189,0.205723,,47-0-138-1
train,train/images/train_0139.jpg,,7,3,7/019811.jpg,front,0.193685,0.658232,0.102197,0.185486,0.9162,47-0-139-1
train,train/images/train_0139.jpg,,2336,2,2336/178941.jpg,front,0.502525,0.679377,0.099847,0.186513,0.9372,47-0-139-1
train,train/images/train_0139.jpg,,2970,1,2970/023824.jpg,front,0.819359,0.639855,0.101525,0.181492,0.9303,47-0-139-1
train,train/images/train_0139.jpg,,7007,0,7007/095414.jpg,back,0.336387,0.511506,0.074357,0.143028,0.9288,47-0-139-1
train,train/images/train_0139.jpg,,4428,4,4428/096574.jpg,back,0.055367,0.526585,0.07883,0.139276,0.9348,47-0-139-1
train,train/images/train_0139_aug1.jpg,train_0139,7,3,7/019811.jpg,front,0.193685,0.658232,0.102197,0.185486,,47-0-139-1
train,train/images/train_0139_aug1.jpg,train_0139,2336,2,2336/178941.jpg,front,0.502525,0.679377,0.099847,0.186513,,47-0-139-1
train,train/images/train_0139_aug1.jpg,train_0139,2970,1,2970/023824.jpg,front,0.819359,0.639855,0.101525,0.181492,,47-0-139-1
train,train/images/train_0139_aug1.jpg,train_0139,7007,0,7007/095414.jpg,back,0.336387,0.511506,0.074357,0.143028,,47-0-139-1
train,train/images/train_0139_aug1.jpg,train_0139,4428,4,4428/096574.jpg,back,0.055367,0.526585,0.07883,0.139276,,47-0-139-1
train,train/images/train_0139_aug2.jpg,train_0139,7,3,7/019811.jpg,front,0.783426,0.700349,0.098931,0.187977,,47-0-139-1
train,train/images/train_0139_aug2.jpg,train_0139,2336,2,2336/178941.jpg,front,0.486032,0.680984,0.096719,0.188991,,47-0-139-1
train,train/images/train_0139_aug2.jpg,train_0139,2970,1,2970/023824.jpg,front,0.185736,0.599242,0.09825,0.183943,,47-0-139-1
train,train/images/train_0139_aug2.jpg,train_0139,7007,0,7007/095414.jpg,back,0.65827,0.533212,0.072078,0.144908,,47-0-139-1
train,train/images/train_0139_aug2.jpg,train_0139,4428,4,4428/096574.jpg,back,0.926187,0.585523,0.076269,0.141165,,47-0-139-1
train,train/images/train_0140.jpg,,2336,2,2336/177788.jpg,front,0.156919,0.69246,0.101783,0.183697,0.9339,47-0-140-3
train,train/images/train_0140.jpg,,2970,1,2970/134512.jpg,front,0.468279,0.725084,0.085659,0.161403,0.9318,47-0-140-3
train,train/images/train_0140.jpg,,7,3,7/140464.jpg,front,0.830532,0.689111,0.110668,0.177754,0.94,47-0-140-3
train,train/images/train_0140_aug1.jpg,train_0140,2336,2,2336/177788.jpg,front,0.156919,0.69246,0.101783,0.183697,,47-0-140-3
train,train/images/train_0140_aug1.jpg,train_0140,2970,1,2970/134512.jpg,front,0.468279,0.725084,0.085659,0.161403,,47-0-140-3
train,train/images/train_0140_aug1.jpg,train_0140,7,3,7/140464.jpg,front,0.830532,0.689111,0.110668,0.177754,,47-0-140-3
train,train/images/train_0140_aug2.jpg,train_0140,2336,2,2336/177788.jpg,front,0.156919,0.69246,0.101783,0.183697,,47-0-140-3
train,train/images/train_0140_aug2.jpg,train_0140,2970,1,2970/134512.jpg,front,0.468279,0.725084,0.085659,0.161403,,47-0-140-3
train,train/images/train_0140_aug2.jpg,train_0140,7,3,7/140464.jpg,front,0.830532,0.689111,0.110668,0.177754,,47-0-140-3
train,train/images/train_0141.jpg,,2970,1,2970/088573.jpg,front,0.193158,0.646069,0.124756,0.220574,0.9494,47-0-141-0
train,train/images/train_0141.jpg,,7,3,7/022384.jpg,front,0.54736,0.64184,0.134823,0.232198,0.9377,47-0-141-0
train,train/images/train_0141.jpg,,7007,0,7007/036181.jpg,front,0.867528,0.621234,0.124719,0.227543,0.9364,47-0-141-0
train,train/images/train_0141_aug1.jpg,train_0141,2970,1,2970/088573.jpg,front,0.193158,0.646069,0.124756,0.220574,,47-0-141-0
train,train/images/train_0141_aug1.jpg,train_0141,7,3,7/022384.jpg,front,0.54736,0.64184,0.134823,0.232198,,47-0-141-0
train,train/images/train_0141_aug1.jpg,train_0141,7007,0,7007/036181.jpg,front,0.867528,0.621234,0.124719,0.227543,,47-0-141-0
train,train/images/train_0141_aug2.jpg,train_0141,2970,1,2970/088573.jpg,front,0.193158,0.646069,0.124756,0.220574,,47-0-141-0
train,train/images/train_0141_aug2.jpg,train_0141,7,3,7/022384.jpg,front,0.54736,0.64184,0.134823,0.232198,,47-0-141-0
train,train/images/train_0141_aug2.jpg,train_0141,7007,0,7007/036181.jpg,front,0.867528,0.621234,0.124719,0.227543,,47-0-141-0
train,train/images/train_0142.jpg,,2336,2,2336/164885.jpg,front,0.21485,0.60305,0.131567,0.228846,0.9419,47-0-142-0
train,train/images/train_0142.jpg,,4428,4,4428/144087.jpg,front,0.71078,0.585579,0.138572,0.24582,0.945,47-0-142-0
train,train/images/train_0142_aug1.jpg,train_0142,2336,2,2336/164885.jpg,front,0.200483,0.638778,0.121721,0.232812,,47-0-142-0
train,train/images/train_0142_aug1.jpg,train_0142,4428,4,4428/144087.jpg,front,0.651145,0.549838,0.128277,0.250045,,47-0-142-0
train,train/images/train_0142_aug2.jpg,train_0142,2336,2,2336/164885.jpg,front,0.777632,0.656647,0.126851,0.214478,,47-0-142-0
train,train/images/train_0142_aug2.jpg,train_0142,4428,4,4428/144087.jpg,front,0.302157,0.596453,0.133625,0.230374,,47-0-142-0
train,train/images/train_0143.jpg,,2970,1,2970/053704.jpg,front,0.111426,0.809482,0.124952,0.229558,0.9426,47-0-143-0
train,train/images/train_0143.jpg,,2336,2,2336/174476.jpg,front,0.318797,0.751289,0.12127,0.23542,0.9375,47-0-143-0
train,train/images/train_0143.jpg,,4428,4,4428/094613.jpg,front,0.496167,0.791034,0.131167,0.242345,0.9401,47-0-143-0
train,train/images/train_0143.jpg,,7007,0,7007/099068.jpg,front,0.685253,0.768245,0.115284,0.238008,0.9254,47-0-143-0
train,train/images/train_0143.jpg,,7,3,7/140464.jpg,front,0.897793,0.771559,0.147547,0.233625,0.9487,47-0-143-0
train,train/images/train_0143_aug1.jpg,train_0143,2970,1,2970/053704.jpg,front,0.888574,0.809482,0.124952,0.229558,,47-0-143-0
train,train/images/train_0143_aug1.jpg,train_0143,2336,2,2336/174476.jpg,front,0.681203,0.751289,0.12127,0.23542,,47-0-143-0
train,train/images/train_0143_aug1.jpg,train_0143,4428,4,4428/094613.jpg,front,0.503833,0.791034,0.131167,0.242344,,47-0-143-0
train,train/images/train_0143_aug1.jpg,train_0143,7007,0,7007/099068.jpg,front,0.314747,0.768245,0.115284,0.238008,,47-0-143-0
train,train/images/train_0143_aug1.jpg,train_0143,7,3,7/140464.jpg,front,0.102207,0.771559,0.147547,0.233625,,47-0-143-0
train,train/images/train_0143_aug2.jpg,train_0143,2970,1,2970/053704.jpg,front,0.888574,0.809482,0.124952,0.229558,,47-0-143-0
train,train/images/train_0143_aug2.jpg,train_0143,2336,2,2336/174476.jpg,front,0.681203,0.751289,0.12127,0.23542,,47-0-143-0
train,train/images/train_0143_aug2.jpg,train_0143,4428,4,4428/094613.jpg,front,0.503833,0.791034,0.131167,0.242344,,47-0-143-0
train,train/images/train_0143_aug2.jpg,train_0143,7007,0,7007/099068.jpg,front,0.314747,0.768245,0.115284,0.238008,,47-0-143-0
train,train/images/train_0143_aug2.jpg,train_0143,7,3,7/140464.jpg,front,0.102207,0.771559,0.147547,0.233625,,47-0-143-0
train,train/images/train_0144.jpg,,2336,2,2336/181421.jpg,front,0.207421,0.765051,0.105693,0.191908,0.9268,47-0-144-0
train,train/images/train_0144.jpg,,7,3,7/002065.jpg,front,0.718269,0.768405,0.102147,0.174093,0.9338,47-0-144-0
train,train/images/train_0144_aug1.jpg,train_0144,2336,2,2336/181421.jpg,front,0.842539,0.750022,0.114957,0.189946,,47-0-144-0
train,train/images/train_0144_aug1.jpg,train_0144,7,3,7/002065.jpg,front,0.289334,0.695371,0.11104,0.172363,,47-0-144-0
train,train/images/train_0144_aug2.jpg,train_0144,2336,2,2336/181421.jpg,front,0.760718,0.85708,0.093818,0.207927,,47-0-144-0
train,train/images/train_0144_aug2.jpg,train_0144,7,3,7/002065.jpg,front,0.314446,0.795813,0.090496,0.188681,,47-0-144-0
train,train/images/train_0145.jpg,,2970,1,2970/134512.jpg,front,0.180514,0.7137,0.109304,0.194963,0.9273,47-0-145-0
train,train/images/train_0145.jpg,,2336,2,2336/180987.jpg,front,0.483913,0.709207,0.111768,0.21151,0.9283,47-0-145-0
train,train/images/train_0145.jpg,,7007,0,7007/158011.jpg,front,0.826341,0.758624,0.101695,0.170398,0.9297,47-0-145-0
train,train/images/train_0145.jpg,,7,3,7/131364.jpg,back,0.651239,0.550069,0.104458,0.171503,0.934,47-0-145-0
train,train/images/train_0145.jpg,,4428,4,4428/021741.jpg,back,0.940959,0.538075,0.099935,0.164308,0.9282,47-0-145-0
train,train/images/train_0145_aug1.jpg,train_0145,2970,1,2970/134512.jpg,front,0.751564,0.727291,0.100193,0.192234,,47-0-145-0
train,train/images/train_0145_aug1.jpg,train_0145,2336,2,2336/180987.jpg,front,0.47383,0.738686,0.102478,0.208537,,47-0-145-0
train,train/images/train_0145_aug1.jpg,train_0145,7007,0,7007/158011.jpg,front,0.162089,0.805249,0.093199,0.168025,,47-0-145-0
train,train/images/train_0145_aug1.jpg,train_0145,7,3,7/131364.jpg,back,0.315708,0.590568,0.095726,0.169118,,47-0-145-0
train,train/images/train_0145_aug1.jpg,train_0145,4428,4,4428/021741.jpg,back,0.050252,0.593856,0.091581,0.162022,,47-0-145-0
train,train/images/train_0145_aug2.jpg,train_0145,2970,1,2970/134512.jpg,front,0.747056,0.718922,0.101512,0.186315,,47-0-145-0
train,train/images/train_0145_aug2.jpg,train_0145,2336,2,2336/180987.jpg,front,0.466123,0.695794,0.10383,0.202113,,47-0-145-0
train,train/images/train_0145_aug2.jpg,train_0145,7007,0,7007/158011.jpg,front,0.147089,0.721726,0.094417,0.162853,,47-0-145-0
train,train/images/train_0145_aug2.jpg,train_0145,7,3,7/131364.jpg,back,0.316827,0.533426,0.096974,0.163914,,47-0-145-0
train,train/images/train_0145_aug2.jpg,train_0145,4428,4,4428/021741.jpg,back,0.048837,0.503983,0.092775,0.157037,,47-0-145-0
train,train/images/train_0146.jpg,,4428,4,4428/144087.jpg,front,0.212713,0.785715,0.114208,0.20072,0.9295,47-0-146-1
train,train/images/train_0146.jpg,,7007,0,7007/099068.jpg,front,0.730744,0.772461,0.118748,0.248156,0.927,47-0-146-1
train,train/images/train_0146.jpg,,2336,2,2336/180676.jpg,back,0.053316,0.58575,0.085819,0.163044,0.9309,47-0-146-1
train,train/images/train_0146.jpg,,7,3,7/017587.jpg,back,0.932464,0.587779,0.103341,0.176312,0.9372,47-0-146-1
train,train/images/train_0146_aug1.jpg,train_0146,4428,4,4428/144087.jpg,front,0.764253,0.840673,0.105004,0.222879,,47-0-146-1
train,train/images/train_0146_aug1.jpg,train_0146,7007,0,7007/099068.jpg,front,0.288999,0.858578,0.109329,0.275503,,47-0-146-1
train,train/images/train_0146_aug1.jpg,train_0146,2336,2,2336/180676.jpg,back,0.901736,0.608712,0.078949,0.181028,,47-0-146-1
train,train/images/train_0146_aug1.jpg,train_0146,7,3,7/017587.jpg,back,0.096237,0.666313,0.094993,0.195783,,47-0-146-1
train,train/images/train_0146_aug2.jpg,train_0146,4428,4,4428/144087.jpg,front,0.212713,0.785715,0.114208,0.20072,,47-0-146-1
train,train/images/train_0146_aug2.jpg,train_0146,7007,0,7007/099068.jpg,front,0.730744,0.772461,0.118748,0.248156,,47-0-146-1
train,train/images/train_0146_aug2.jpg,train_0146,2336,2,2336/180676.jpg,back,0.053316,0.58575,0.085819,0.163044,,47-0-146-1
train,train/images/train_0146_aug2.jpg,train_0146,7,3,7/017587.jpg,back,0.932464,0.587779,0.103341,0.176312,,47-0-146-1
train,train/images/train_0147.jpg,,4428,4,4428/101496.jpg,front,0.088852,0.657557,0.102315,0.185096,0.941,47-0-147-0
train,train/images/train_0147.jpg,,2336,2,2336/180676.jpg,front,0.308827,0.647702,0.08778,0.162237,0.9284,47-0-147-0
train,train/images/train_0147.jpg,,7,3,7/157832.jpg,front,0.512276,0.652048,0.102426,0.163064,0.9405,47-0-147-0
train,train/images/train_0147.jpg,,2970,1,2970/053704.jpg,front,0.690577,0.668959,0.095439,0.176955,0.9331,47-0-147-0
train,train/images/train_0147.jpg,,7007,0,7007/009812.jpg,front,0.874509,0.662948,0.083517,0.137692,0.9301,47-0-147-0
train,train/images/train_0147_aug1.jpg,train_0147,4428,4,4428/101496.jpg,front,0.911148,0.657557,0.102315,0.185096,,47-0-147-0
train,train/images/train_0147_aug1.jpg,train_0147,2336,2,2336/180676.jpg,front,0.691173,0.647702,0.08778,0.162237,,47-0-147-0
train,train/images/train_0147_aug1.jpg,train_0147,7,3,7/157832.jpg,front,0.487724,0.652048,0.102426,0.163064,,47-0-147-0
train,train/images/train_0147_aug1.jpg,train_0147,2970,1,2970/053704.jpg,front,0.309423,0.668959,0.095439,0.176955,,47-0-147-0
train,train/images/train_0147_aug1.jpg,train_0147,7007,0,7007/009812.jpg,front,0.125491,0.662948,0.083517,0.137692,,47-0-147-0
train,train/images/train_0147_aug2.jpg,train_0147,4428,4,4428/101496.jpg,front,0.814969,0.682444,0.08852,0.168179,,47-0-147-0
train,train/images/train_0147_aug2.jpg,train_0147,2336,2,2336/180676.jpg,front,0.625601,0.659554,0.075956,0.147405,,47-0-147-0
train,train/images/train_0147_aug2.jpg,train_0147,7,3,7/157832.jpg,front,0.449955,0.650605,0.088559,0.148188,,47-0-147-0
train,train/images/train_0147_aug2.jpg,train_0147,2970,1,2970/053704.jpg,front,0.295529,0.654658,0.082586,0.160777,,47-0-147-0
train,train/images/train_0147_aug2.jpg,train_0147,7007,0,7007/009812.jpg,front,0.137106,0.637542,0.072221,0.125124,,47-0-147-0
train,train/images/train_0148.jpg,,7007,0,7007/095414.jpg,front,0.302238,0.777066,0.135485,0.249299,0.9456,47-0-148-0
train,train/images/train_0148.jpg,,7,3,7/131364.jpg,front,0.773139,0.7604,0.154593,0.245619,0.9497,47-0-148-0
train,train/images/train_0148_aug1.jpg,train_0148,7007,0,7007/095414.jpg,front,0.742016,0.803931,0.118493,0.266602,,47-0-148-0
train,train/images/train_0148_aug1.jpg,train_0148,7,3,7/131364.jpg,front,0.335102,0.842097,0.134678,0.262838,,47-0-148-0
train,train/images/train_0148_aug2.jpg,train_0148,7007,0,7007/095414.jpg,front,0.246024,0.744456,0.13628,0.268053,,47-0-148-0
train,train/images/train_0148_aug2.jpg,train_0148,7,3,7/131364.jpg,front,0.715923,0.788777,0.155077,0.26429,,47-0-148-0
train,train/images/train_0149.jpg,,7,3,7/038132.jpg,front,0.201714,0.792718,0.155874,0.270075,0.9439,47-0-149-1
train,train/images/train_0149.jpg,,4428,4,4428/053429.jpg,front,0.48521,0.758727,0.166032,0.311116,0.9449,47-0-149-1
train,train/images/train_0149.jpg,,7007,0,7007/035390.jpg,front,0.839773,0.771107,0.157518,0.299619,0.9397,47-0-149-1
train,train/images/train_0149_aug1.jpg,train_0149,7,3,7/038132.jpg,front,0.823926,0.785028,0.166267,0.289127,,47-0-149-1
train,train/images/train_0149_aug1.jpg,train_0149,4428,4,4428/053429.jpg,front,0.520803,0.7706,0.177174,0.333026,,47-0-149-1
train,train/images/train_0149_aug1.jpg,train_0149,7007,0,7007/035390.jpg,front,0.144097,0.811269,0.168103,0.320713,,47-0-149-1
train,train/images/train_0149_aug2.jpg,train_0149,7,3,7/038132.jpg,front,0.828886,0.842144,0.169075,0.277107,,47-0-149-1
train,train/images/train_0149_aug2.jpg,train_0149,4428,4,4428/053429.jpg,front,0.52332,0.786334,0.180159,0.319183,,47-0-149-1
train,train/images/train_0149_aug2.jpg,train_0149,7007,0,7007/035390.jpg,front,0.138993,0.772808,0.170933,0.307381,,47-0-149-1
train,train/images/train_0150.jpg,,7007,0,7007/009812.jpg,front,0.30639,0.739201,0.127562,0.217101,0.948,47-0-150-0
train,train/images/train_0150.jpg,,7,3,7/009932.jpg,front,0.705999,0.694876,0.158758,0.27172,0.9426,47-0-150-0
train,train/images/train_0150.jpg,,2336,2,2336/174476.jpg,back,0.529292,0.424489,0.107341,0.205668,0.9218,47-0-150-0
train,train/images/train_0150.jpg,,2970,1,2970/115896.jpg,back,0.881949,0.42935,0.111203,0.196784,0.9328,47-0-150-0
train,train/images/train_0150_aug1.jpg,train_0150,7007,0,7007/009812.jpg,front,0.248601,0.723311,0.127967,0.205562,,47-0-150-0
train,train/images/train_0150_aug1.jpg,train_0150,7,3,7/009932.jpg,front,0.649883,0.73135,0.159274,0.25727,,47-0-150-0
train,train/images/train_0150_aug1.jpg,train_0150,2336,2,2336/174476.jpg,back,0.49172,0.454039,0.107868,0.194618,,47-0-150-0
train,train/images/train_0150_aug1.jpg,train_0150,2970,1,2970/115896.jpg,back,0.842928,0.50265,0.111617,0.186286,,47-0-150-0
train,train/images/train_0150_aug2.jpg,train_0150,7007,0,7007/009812.jpg,front,0.653412,0.669122,0.109037,0.190925,,47-0-150-0
train,train/images/train_0150_aug2.jpg,train_0150,7,3,7/009932.jpg,front,0.311382,0.666386,0.135712,0.238954,,47-0-150-0
train,train/images/train_0150_aug2.jpg,train_0150,2336,2,2336/174476.jpg,back,0.447379,0.413031,0.091887,0.180806,,47-0-150-0
train,train/images/train_0150_aug2.jpg,train_0150,2970,1,2970/115896.jpg,back,0.147848,0.449224,0.095095,0.173037,,47-0-150-0
train,train/images/train_0151.jpg,,2336,2,2336/174486.jpg,front,0.289223,0.71794,0.111735,0.200739,0.929,47-0-151-0
train,train/images/train_0151.jpg,,2970,1,2970/053704.jpg,front,0.701823,0.709306,0.106081,0.195319,0.9272,47-0-151-0
train,train/images/train_0151_aug1.jpg,train_0151,2336,2,2336/174486.jpg,front,0.675295,0.70672,0.108333,0.195669,,47-0-151-0
train,train/images/train_0151_aug1.jpg,train_0151,2970,1,2970/053704.jpg,front,0.275573,0.719119,0.102858,0.190382,,47-0-151-0
train,train/images/train_0151_aug2.jpg,train_0151,2336,2,2336/174486.jpg,front,0.669003,0.692012,0.104723,0.220905,,47-0-151-0
train,train/images/train_0151_aug2.jpg,train_0151,2970,1,2970/053704.jpg,front,0.288207,0.742266,0.099511,0.214914,,47-0-151-0
train,train/images/train_0152.jpg,,2970,1,2970/079293.jpg,front,0.244032,0.699713,0.109612,0.191357,0.94,47-0-152-0
train,train/images/train_0152.jpg,,4428,4,4428/128332.jpg,front,0.705907,0.71342,0.103202,0.190242,0.9293,47-0-152-0
train,train/images/train_0152_aug1.jpg,train_0152,2970,1,2970/079293.jpg,front,0.245317,0.671912,0.108621,0.19155,,47-0-152-0
train,train/images/train_0152_aug1.jpg,train_0152,4428,4,4428/128332.jpg,front,0.702774,0.660804,0.102286,0.190423,,47-0-152-0
train,train/images/train_0152_aug2.jpg,train_0152,2970,1,2970/079293.jpg,front,0.244032,0.699713,0.109612,0.191357,,47-0-152-0
train,train/images/train_0152_aug2.jpg,train_0152,4428,4,4428/128332.jpg,front,0.705907,0.71342,0.103202,0.190242,,47-0-152-0
train,train/images/train_0153.jpg,,7,3,7/007335.jpg,front,0.090617,0.777999,0.113298,0.192952,0.9343,47-0-153-1
train,train/images/train_0153.jpg,,7007,0,7007/017103.jpg,front,0.287362,0.804555,0.113564,0.208739,0.9362,47-0-153-1
train,train/images/train_0153.jpg,,2336,2,2336/179058.jpg,front,0.501493,0.822514,0.108608,0.19727,0.9141,47-0-153-1
train,train/images/train_0153.jpg,,4428,4,4428/128332.jpg,front,0.708606,0.796413,0.123033,0.227475,0.9292,47-0-153-1
train,train/images/train_0153.jpg,,2970,1,2970/053704.jpg,front,0.907116,0.789244,0.132099,0.243606,0.9389,47-0-153-1
train,train/images/train_0153_aug1.jpg,train_0153,7,3,7/007335.jpg,front,0.146956,0.796879,0.09669,0.197423,,47-0-153-1
train,train/images/train_0153_aug1.jpg,train_0153,7007,0,7007/017103.jpg,front,0.315387,0.813185,0.09696,0.213559,,47-0-153-1
train,train/images/train_0153_aug1.jpg,train_0153,2336,2,2336/179058.jpg,front,0.498294,0.819741,0.092721,0.201826,,47-0-153-1
train,train/images/train_0153_aug1.jpg,train_0153,4428,4,4428/128332.jpg,front,0.673586,0.781625,0.105049,0.232726,,47-0-153-1
train,train/images/train_0153_aug1.jpg,train_0153,2970,1,2970/053704.jpg,front,0.842263,0.763344,0.112787,0.249229,,47-0-153-1
train,train/images/train_0153_aug2.jpg,train_0153,7,3,7/007335.jpg,front,0.057342,0.861469,0.114684,0.19242,,47-0-153-1
train,train/images/train_0153_aug2.jpg,train_0153,7007,0,7007/017103.jpg,front,0.258811,0.863876,0.116523,0.208086,,47-0-153-1
train,train/images/train_0153_aug2.jpg,train_0153,2336,2,2336/179058.jpg,front,0.478136,0.855611,0.111419,0.196663,,47-0-153-1
train,train/images/train_0153_aug2.jpg,train_0153,4428,4,4428/128332.jpg,front,0.687359,0.804378,0.12625,0.226758,,47-0-153-1
train,train/images/train_0153_aug2.jpg,train_0153,2970,1,2970/053704.jpg,front,0.889089,0.773024,0.135547,0.24284,,47-0-153-1
train,train/images/train_0154.jpg,,4428,4,4428/053931.jpg,front,0.190269,0.752854,0.082259,0.148993,0.9404,47-0-154-1
train,train/images/train_0154.jpg,,2970,1,2970/115896.jpg,front,0.45095,0.735003,0.096389,0.163898,0.9232,47-0-154-1
train,train/images/train_0154.jpg,,2336,2,2336/176923.jpg,front,0.825816,0.738967,0.088261,0.159264,0.9321,47-0-154-1
train,train/images/train_0154.jpg,,7007,0,7007/095414.jpg,back,0.347065,0.613733,0.074979,0.137179,0.9269,47-0-154-1
train,train/images/train_0154.jpg,,7,3,7/003099.jpg,back,0.045687,0.612558,0.076083,0.133931,0.9269,47-0-154-1
train,train/images/train_0154_aug1.jpg,train_0154,4428,4,4428/053931.jpg,front,0.217802,0.809522,0.085143,0.156622,,47-0-154-1
train,train/images/train_0154_aug1.jpg,train_0154,2970,1,2970/115896.jpg,front,0.487019,0.780571,0.09976,0.172295,,47-0-154-1
train,train/images/train_0154_aug1.jpg,train_0154,2336,2,2336/176923.jpg,front,0.874824,0.770084,0.091355,0.16742,,47-0-154-1
train,train/images/train_0154_aug1.jpg,train_0154,7007,0,7007/095414.jpg,back,0.376864,0.657177,0.077608,0.144203,,47-0-154-1
train,train/images/train_0154_aug1.jpg,train_0154,7,3,7/003099.jpg,back,0.065129,0.667722,0.078747,0.140791,,47-0-154-1
train,train/images/train_0154_aug2.jpg,train_0154,4428,4,4428/053931.jpg,front,0.271419,0.766437,0.07851,0.133397,,47-0-154-1
train,train/images/train_0154_aug2.jpg,train_0154,2970,1,2970/115896.jpg,front,0.51601,0.711808,0.091875,0.146823,,47-0-154-1
train,train/images/train_0154_aug2.jpg,train_0154,2336,2,2336/176923.jpg,front,0.870077,0.65967,0.084231,0.142598,,47-0-154-1
train,train/images/train_0154_aug2.jpg,train_0154,7007,0,7007/095414.jpg,back,0.408404,0.619114,0.071578,0.12281,,47-0-154-1
train,train/images/train_0154_aug2.jpg,train_0154,7,3,7/003099.jpg,back,0.123907,0.662825,0.07257,0.11994,,47-0-154-1
train,train/images/train_0155.jpg,,4428,4,4428/053931.jpg,front,0.258172,0.735483,0.104393,0.194105,0.9411,47-0-155-0
train,train/images/train_0155.jpg,,7,3,7/045626.jpg,front,0.751329,0.699605,0.099712,0.179069,0.9227,47-0-155-0
train,train/images/train_0155_aug1.jpg,train_0155,4428,4,4428/053931.jpg,front,0.773807,0.654028,0.118836,0.17062,,47-0-155-0
train,train/images/train_0155_aug1.jpg,train_0155,7,3,7/045626.jpg,front,0.213188,0.694935,0.113465,0.157446,,47-0-155-0
train,train/images/train_0155_aug2.jpg,train_0155,4428,4,4428/053931.jpg,front,0.318572,0.806431,0.098528,0.221301,,47-0-155-0
train,train/images/train_0155_aug2.jpg,train_0155,7,3,7/045626.jpg,front,0.783103,0.75267,0.094106,0.20416,,47-0-155-0
train,train/images/train_0156.jpg,,4428,4,4428/101496.jpg,front,0.210272,0.807344,0.164367,0.296035,0.9406,47-0-156-0
train,train/images/train_0156.jpg,,2970,1,2970/059300.jpg,front,0.524024,0.819667,0.146652,0.256826,0.9498,47-0-156-0
train,train/images/train_0156.jpg,,2336,2,2336/172268.jpg,front,0.870604,0.838244,0.128309,0.235828,0.9313,47-0-156-0
train,train/images/train_0156_aug1.jpg,train_0156,4428,4,4428/101496.jpg,front,0.211603,0.826311,0.15128,0.32684,,47-0-156-0
train,train/images/train_0156_aug1.jpg,train_0156,2970,1,2970/059300.jpg,front,0.499844,0.819515,0.134948,0.28356,,47-0-156-0
train,train/images/train_0156_aug1.jpg,train_0156,2336,2,2336/172268.jpg,front,0.818464,0.817485,0.118111,0.260361,,47-0-156-0
train,train/images/train_0156_aug2.jpg,train_0156,4428,4,4428/101496.jpg,front,0.860652,0.751001,0.176304,0.310493,,47-0-156-0
train,train/images/train_0156_aug2.jpg,train_0156,2970,1,2970/059300.jpg,front,0.527902,0.80772,0.157233,0.269408,,47-0-156-0
train,train/images/train_0156_aug2.jpg,train_0156,2336,2,2336/172268.jpg,front,0.160718,0.875566,0.137676,0.247319,,47-0-156-0
train,train/images/train_0157.jpg,,2970,1,2970/053704.jpg,front,0.297538,0.790002,0.109138,0.204666,0.934,47-0-157-1
train,train/images/train_0157.jpg,,2336,2,2336/179058.jpg,front,0.742422,0.794405,0.108673,0.195373,0.9294,47-0-157-1
train,train/images/train_0157_aug1.jpg,train_0157,2970,1,2970/053704.jpg,front,0.685192,0.822298,0.106512,0.202944,,47-0-157-1
train,train/images/train_0157_aug1.jpg,train_0157,2336,2,2336/179058.jpg,front,0.250993,0.823579,0.106059,0.193728,,47-0-157-1
train,train/images/train_0157_aug2.jpg,train_0157,2970,1,2970/053704.jpg,front,0.704123,0.809917,0.125038,0.228925,,47-0-157-1
train,train/images/train_0157_aug2.jpg,train_0157,2336,2,2336/179058.jpg,front,0.196758,0.765018,0.124451,0.218556,,47-0-157-1
train,train/images/train_0158.jpg,,7007,0,7007/158011.jpg,front,0.239032,0.774541,0.106768,0.183369,0.9302,47-0-158-0
train,train/images/train_0158.jpg,,2336,2,2336/180987.jpg,front,0.74473,0.799327,0.103229,0.19184,0.9323,47-0-158-0
train,train/images/train_0158.jpg,,4428,4,4428/101496.jpg,back,0.495034,0.619176,0.10324,0.181591,0.9362,47-0-158-0
train,train/images/train_0158.jpg,,7,3,7/095162.jpg,back,0.900012,0.637113,0.101653,0.171719,0.9154,47-0-158-0
train,train/images/train_0158_aug1.jpg,train_0158,7007,0,7007/158011.jpg,front,0.760968,0.774541,0.106768,0.183369,,47-0-158-0
train,train/images/train_0158_aug1.jpg,train_0158,2336,2,2336/180987.jpg,front,0.25527,0.799327,0.103229,0.19184,,47-0-158-0
train,train/images/train_0158_aug1.jpg,train_0158,4428,4,4428/101496.jpg,back,0.504966,0.619176,0.10324,0.181591,,47-0-158-0
train,train/images/train_0158_aug1.jpg,train_0158,7,3,7/095162.jpg,back,0.099988,0.637113,0.101653,0.171719,,47-0-158-0
train,train/images/train_0158_aug2.jpg,train_0158,7007,0,7007/158011.jpg,front,0.181879,0.734873,0.118705,0.169571,,47-0-158-0
train,train/images/train_0158_aug2.jpg,train_0158,2336,2,2336/180987.jpg,front,0.743509,0.699624,0.114838,0.177337,,47-0-158-0
train,train/images/train_0158_aug2.jpg,train_0158,4428,4,4428/101496.jpg,back,0.45716,0.562157,0.114803,0.167907,,47-0-158-0
train,train/images/train_0158_aug2.jpg,train_0158,7,3,7/095162.jpg,back,0.906827,0.532165,0.113005,0.158811,,47-0-158-0
train,train/images/train_0159.jpg,,2970,1,2970/059300.jpg,front,0.144914,0.829916,0.147349,0.262145,0.9487,47-0-159-0
train,train/images/train_0159.jpg,,2336,2,2336/170089.jpg,front,0.462655,0.829934,0.135409,0.260888,0.9484,47-0-159-0
train,train/images/train_0159.jpg,,7,3,7/038132.jpg,front,0.859422,0.818864,0.148246,0.245588,0.9489,47-0-159-0
train,train/images/train_0159_aug1.jpg,train_0159,2970,1,2970/059300.jpg,front,0.076618,0.755992,0.153235,0.226738,,47-0-159-0
train,train/images/train_0159_aug1.jpg,train_0159,2336,2,2336/170089.jpg,front,0.412193,0.804869,0.145122,0.225484,,47-0-159-0
train,train/images/train_0159_aug1.jpg,train_0159,7,3,7/038132.jpg,front,0.834815,0.856356,0.158551,0.212581,,47-0-159-0
train,train/images/train_0159_aug2.jpg,train_0159,2970,1,2970/059300.jpg,front,0.855086,0.829916,0.147349,0.262146,,47-0-159-0
train,train/images/train_0159_aug2.jpg,train_0159,2336,2,2336/170089.jpg,front,0.537345,0.829934,0.135409,0.260888,,47-0-159-0
train,train/images/train_0159_aug2.jpg,train_0159,7,3,7/038132.jpg,front,0.140578,0.818864,0.148246,0.245588,,47-0-159-0
train,train/images/train_0160.jpg,,2970,1,2970/053583.jpg,front,0.201802,0.712335,0.138618,0.257391,0.9463,47-0-160-0
train,train/images/train_0160.jpg,,4428,4,4428/137090.jpg,front,0.720321,0.729228,0.133597,0.257309,0.9394,47-0-160-0
train,train/images/train_0160_aug1.jpg,train_0160,2970,1,2970/053583.jpg,front,0.798198,0.712335,0.138618,0.257391,,47-0-160-0
train,train/images/train_0160_aug1.jpg,train_0160,4428,4,4428/137090.jpg,front,0.279679,0.729228,0.133597,0.257309,,47-0-160-0
train,train/images/train_0160_aug2.jpg,train_0160,2970,1,2970/053583.jpg,front,0.798198,0.712335,0.138618,0.257391,,47-0-160-0
train,train/images/train_0160_aug2.jpg,train_0160,4428,4,4428/137090.jpg,front,0.279679,0.729228,0.133597,0.257309,,47-0-160-0
train,train/images/train_0161.jpg,,2336,2,2336/174486.jpg,front,0.278578,0.785019,0.126475,0.245891,0.9397,47-0-161-0
train,train/images/train_0161.jpg,,2970,1,2970/040067.jpg,front,0.750636,0.772925,0.122466,0.21141,0.9411,47-0-161-0
train,train/images/train_0161.jpg,,7,3,7/121574.jpg,back,0.50561,0.581279,0.113059,0.192271,0.9315,47-0-161-0
train,train/images/train_0161.jpg,,7007,0,7007/017103.jpg,back,0.069075,0.575032,0.088894,0.171332,0.9436,47-0-161-0
train,train/images/train_0161_aug1.jpg,train_0161,2336,2,2336/174486.jpg,front,0.310107,0.793866,0.144214,0.268568,,47-0-161-0
train,train/images/train_0161_aug1.jpg,train_0161,2970,1,2970/040067.jpg,front,0.843837,0.720751,0.139441,0.231024,,47-0-161-0
train,train/images/train_0161_aug1.jpg,train_0161,7,3,7/121574.jpg,back,0.553192,0.542906,0.12871,0.210123,,47-0-161-0
train,train/images/train_0161_aug1.jpg,train_0161,7007,0,7007/017103.jpg,back,0.058427,0.591514,0.10135,0.187138,,47-0-161-0
train,train/images/train_0161_aug2.jpg,train_0161,2336,2,2336/174486.jpg,front,0.703254,0.77437,0.120774,0.251297,,47-0-161-0
train,train/images/train_0161_aug2.jpg,train_0161,2970,1,2970/040067.jpg,front,0.257106,0.821722,0.116642,0.216179,,47-0-161-0
train,train/images/train_0161_aug2.jpg,train_0161,7,3,7/121574.jpg,back,0.47346,0.595275,0.107652,0.196622,,47-0-161-0
train,train/images/train_0161_aug2.jpg,train_0161,7007,0,7007/017103.jpg,back,0.884694,0.533708,0.084869,0.175106,,47-0-161-0
train,train/images/train_0162.jpg,,2970,1,2970/053704.jpg,front,0.185594,0.686677,0.12822,0.231398,0.9406,47-0-162-1
train,train/images/train_0162.jpg,,7,3,7/019811.jpg,front,0.510072,0.67659,0.107457,0.205307,0.9264,47-0-162-1
train,train/images/train_0162.jpg,,7007,0,7007/011677.jpg,front,0.855439,0.665361,0.11844,0.191446,0.9352,47-0-162-1
train,train/images/train_0162_aug1.jpg,train_0162,2970,1,2970/053704.jpg,front,0.242378,0.666773,0.114525,0.223767,,47-0-162-1
train,train/images/train_0162_aug1.jpg,train_0162,7,3,7/019811.jpg,front,0.529869,0.627973,0.096052,0.198507,,47-0-162-1
train,train/images/train_0162_aug1.jpg,train_0162,7007,0,7007/011677.jpg,front,0.83584,0.5862,0.105662,0.18519,,47-0-162-1
train,train/images/train_0162_aug2.jpg,train_0162,2970,1,2970/053704.jpg,front,0.813574,0.632039,0.134409,0.199416,,47-0-162-1
train,train/images/train_0162_aug2.jpg,train_0162,7,3,7/019811.jpg,front,0.474469,0.662949,0.112711,0.176878,,47-0-162-1
train,train/images/train_0162_aug2.jpg,train_0162,7007,0,7007/011677.jpg,front,0.113506,0.695426,0.124044,0.165117,,47-0-162-1
train,train/images/train_0163.jpg,,7,3,7/017587.jpg,front,0.109335,0.614623,0.117458,0.209965,0.9362,47-0-163-3
train,train/images/train_0163.jpg,,2970,1,2970/037362.jpg,front,0.274709,0.61278,0.117389,0.227956,0.9346,47-0-163-3
train,train/images/train_0163.jpg,,2336,2,2336/170089.jpg,front,0.502743,0.644246,0.117104,0.190915,0.9372,47-0-163-3
train,train/images/train_0163.jpg,,4428,4,4428/114753.jpg,front,0.711774,0.597102,0.125464,0.229292,0.9444,47-0-163-3
train,train/images/train_0163.jpg,,7007,0,7007/067739.jpg,front,0.901905,0.603974,0.1103,0.181078,0.9153,47-0-163-3
train,train/images/train_0163_aug1.jpg,train_0163,7,3,7/017587.jpg,front,0.107175,0.529484,0.123425,0.216726,,47-0-163-3
train,train/images/train_0163_aug1.jpg,train_0163,2970,1,2970/037362.jpg,front,0.280097,0.546049,0.123472,0.235237,,47-0-163-3
train,train/images/train_0163_aug1.jpg,train_0163,2336,2,2336/170089.jpg,front,0.516434,0.60393,0.122934,0.197141,,47-0-163-3
train,train/images/train_0163_aug1.jpg,train_0163,4428,4,4428/114753.jpg,front,0.737781,0.578693,0.13187,0.236659,,47-0-163-3
train,train/images/train_0163_aug1.jpg,train_0163,7007,0,7007/067739.jpg,front,0.936034,0.607001,0.115799,0.186978,,47-0-163-3
train,train/images/train_0163_aug2.jpg,train_0163,7,3,7/017587.jpg,front,0.164904,0.528368,0.106722,0.182242,,47-0-163-3
train,train/images/train_0163_aug2.jpg,train_0163,2970,1,2970/037362.jpg,front,0.3146,0.541289,0.106744,0.197811,,47-0-163-3
train,train/images/train_0163_aug2.jpg,train_0163,2336,2,2336/170089.jpg,front,0.519408,0.588575,0.106325,0.165757,,47-0-163-3
train,train/images/train_0163_aug2.jpg,train_0163,4428,4,4428/114753.jpg,front,0.710743,0.566072,0.114017,0.199004,,47-0-163-3
train,train/images/train_0163_aug2.jpg,train_0163,7007,0,7007/067739.jpg,front,0.882425,0.588718,0.100152,0.157212,,47-0-163-3
train,train/images/train_0164.jpg,,7,3,7/003099.jpg,front,0.183936,0.845099,0.155338,0.258762,0.9367,47-0-164-1
train,train/images/train_0164.jpg,,4428,4,4428/005770.jpg,front,0.5129,0.838235,0.169601,0.295662,0.9438,47-0-164-1
train,train/images/train_0164.jpg,,2970,1,2970/155764.jpg,front,0.83028,0.832982,0.161605,0.279136,0.948,47-0-164-1
train,train/images/train_0164_aug1.jpg,train_0164,7,3,7/003099.jpg,front,0.816064,0.845099,0.155338,0.258762,,47-0-164-1
train,train/images/train_0164_aug1.jpg,train_0164,4428,4,4428/005770.jpg,front,0.4871,0.838235,0.169601,0.295662,,47-0-164-1
train,train/images/train_0164_aug1.jpg,train_0164,2970,1,2970/155764.jpg,front,0.16972,0.832982,0.161605,0.279136,,47-0-164-1
train,train/images/train_0164_aug2.jpg,train_0164,7,3,7/003099.jpg,front,0.232686,0.871946,0.136184,0.256108,,47-0-164-1
train,train/images/train_0164_aug2.jpg,train_0164,4428,4,4428/005770.jpg,front,0.516012,0.822671,0.148899,0.300573,,47-0-164-1
train,train/images/train_0164_aug2.jpg,train_0164,2970,1,2970/155764.jpg,front,0.789486,0.773124,0.141837,0.28379,,47-0-164-1
train,train/images/train_0165.jpg,,7,3,7/121574.jpg,front,0.212695,0.704932,0.129883,0.222004,0.9462,47-0-165-0
train,train/images/train_0165.jpg,,2336,2,2336/178941.jpg,front,0.536631,0.717222,0.133342,0.237779,0.9447,47-0-165-0
train,train/images/train_0165.jpg,,7007,0,7007/017103.jpg,front,0.805292,0.673871,0.118688,0.225981,0.9382,47-0-165-0
train,train/images/train_0165_aug1.jpg,train_0165,7,3,7/121574.jpg,front,0.233371,0.708642,0.128441,0.249251,,47-0-165-0
train,train/images/train_0165_aug1.jpg,train_0165,2336,2,2336/178941.jpg,front,0.552056,0.746414,0.131903,0.266946,,47-0-165-0
train,train/images/train_0165_aug1.jpg,train_0165,7007,0,7007/017103.jpg,front,0.8189,0.717669,0.117466,0.253681,,47-0-165-0
train,train/images/train_0165_aug2.jpg,train_0165,7,3,7/121574.jpg,front,0.21785,0.703877,0.14229,0.189,,47-0-165-0
train,train/images/train_0165_aug2.jpg,train_0165,2336,2,2336/178941.jpg,front,0.572397,0.680651,0.146111,0.202388,,47-0-165-0
train,train/images/train_0165_aug2.jpg,train_0165,7007,0,7007/017103.jpg,front,0.864013,0.615919,0.1301,0.192288,,47-0-165-0
train,train/images/train_0166.jpg,,2336,2,2336/172268.jpg,front,0.171564,0.696071,0.089476,0.160478,0.9279,47-0-166-2
train,train/images/train_0166.jpg,,7,3,7/003099.jpg,front,0.530323,0.703359,0.085599,0.147058,0.933,47-0-166-2
train,train/images/train_0166.jpg,,4428,4,4428/094613.jpg,front,0.804594,0.688069,0.089108,0.166932,0.9376,47-0-166-2
train,train/images/train_0166.jpg,,7007,0,7007/095414.jpg,back,0.683222,0.580146,0.076635,0.142518,0.9396,47-0-166-2
train,train/images/train_0166.jpg,,2970,1,2970/040067.jpg,back,0.053625,0.561661,0.068839,0.137267,0.9249,47-0-166-2
train,train/images/train_0166_aug1.jpg,train_0166,2336,2,2336/172268.jpg,front,0.171564,0.696071,0.089476,0.160478,,47-0-166-2
train,train/images/train_0166_aug1.jpg,train_0166,7,3,7/003099.jpg,front,0.530323,0.703359,0.085599,0.147058,,47-0-166-2
train,train/images/train_0166_aug1.jpg,train_0166,4428,4,4428/094613.jpg,front,0.804594,0.688069,0.089108,0.166932,,47-0-166-2
train,train/images/train_0166_aug1.jpg,train_0166,7007,0,7007/095414.jpg,back,0.683222,0.580146,0.076635,0.142518,,47-0-166-2
train,train/images/train_0166_aug1.jpg,train_0166,2970,1,2970/040067.jpg,back,0.053625,0.561661,0.068839,0.137267,,47-0-166-2
train,train/images/train_0166_aug2.jpg,train_0166,2336,2,2336/172268.jpg,front,0.171564,0.696071,0.089476,0.160478,,47-0-166-2
train,train/images/train_0166_aug2.jpg,train_0166,7,3,7/003099.jpg,front,0.530323,0.703359,0.085599,0.147058,,47-0-166-2
train,train/images/train_0166_aug2.jpg,train_0166,4428,4,4428/094613.jpg,front,0.804594,0.688069,0.089108,0.166932,,47-0-166-2
train,train/images/train_0166_aug2.jpg,train_0166,7007,0,7007/095414.jpg,back,0.683222,0.580146,0.076635,0.142518,,47-0-166-2
train,train/images/train_0166_aug2.jpg,train_0166,2970,1,2970/040067.jpg,back,0.053625,0.561661,0.068839,0.137267,,47-0-166-2
train,train/images/train_0167.jpg,,7007,0,7007/158011.jpg,front,0.28478,0.63692,0.121825,0.205506,0.9216,47-0-167-0
train,train/images/train_0167.jpg,,4428,4,4428/094613.jpg,front,0.753631,0.606362,0.126448,0.23794,0.9496,47-0-167-0
train,train/images/train_0167.jpg,,2336,2,2336/164885.jpg,back,0.522879,0.392045,0.112664,0.192358,0.9277,47-0-167-0
train,train/images/train_0167.jpg,,7,3,7/020284.jpg,back,0.095112,0.374744,0.119975,0.199753,0.9301,47-0-167-0
train,train/images/train_0167_aug1.jpg,train_0167,7007,0,7007/158011.jpg,front,0.72838,0.669388,0.122753,0.235226,,47-0-167-0
train,train/images/train_0167_aug1.jpg,train_0167,4428,4,4428/094613.jpg,front,0.255651,0.657559,0.127453,0.272338,,47-0-167-0
train,train/images/train_0167_aug1.jpg,train_0167,2336,2,2336/164885.jpg,back,0.481071,0.400931,0.113526,0.220176,,47-0-167-0
train,train/images/train_0167_aug1.jpg,train_0167,7,3,7/020284.jpg,back,0.91095,0.360023,0.120885,0.228643,,47-0-167-0
train,train/images/train_0167_aug2.jpg,train_0167,7007,0,7007/158011.jpg,front,0.71522,0.63692,0.121825,0.205506,,47-0-167-0
train,train/images/train_0167_aug2.jpg,train_0167,4428,4,4428/094613.jpg,front,0.246369,0.606362,0.126448,0.23794,,47-0-167-0
train,train/images/train_0167_aug2.jpg,train_0167,2336,2,2336/164885.jpg,back,0.477121,0.392045,0.112664,0.192358,,47-0-167-0
train,train/images/train_0167_aug2.jpg,train_0167,7,3,7/020284.jpg,back,0.904888,0.374744,0.119975,0.199753,,47-0-167-0
val,val/images/val_0000.jpg,,7007,0,7007/161759.jpg,front,0.171561,0.681163,0.095238,0.162141,0.926,47-1-0-1
val,val/images/val_0000.jpg,,4428,4,4428/107763.jpg,front,0.501045,0.667311,0.101441,0.18016,0.9271,47-1-0-1
val,val/images/val_0000.jpg,,2970,1,2970/115873.jpg,front,0.80236,0.659732,0.098826,0.186097,0.9386,47-1-0-1
val,val/images/val_0001.jpg,,7007,0,7007/061192.jpg,front,0.263769,0.688526,0.103033,0.170697,0.9237,47-1-1-0
val,val/images/val_0001.jpg,,7,3,7/011904.jpg,front,0.762141,0.679629,0.116848,0.173439,0.938,47-1-1-0
val,val/images/val_0002.jpg,,2336,2,2336/170253.jpg,front,0.231025,0.815877,0.134865,0.26407,0.9407,47-1-2-0
val,val/images/val_0002.jpg,,7007,0,7007/008453.jpg,front,0.778938,0.812859,0.147337,0.259621,0.9278,47-1-2-0
val,val/images/val_0003.jpg,,2970,1,2970/066991.jpg,front,0.126886,0.631378,0.105434,0.191473,0.9484,47-1-3-0
val,val/images/val_0003.jpg,,7007,0,7007/061192.jpg,front,0.360278,0.638178,0.091481,0.157845,0.9159,47-1-3-0
val,val/images/val_0003.jpg,,4428,4,4428/154827.jpg,front,0.629511,0.630378,0.097555,0.187659,0.9425,47-1-3-0
val,val/images/val_0003.jpg,,7,3,7/091155.jpg,front,0.846712,0.643827,0.089571,0.155432,0.9269,47-1-3-0
val,val/images/val_0004.jpg,,4428,4,4428/107763.jpg,front,0.146421,0.777272,0.138489,0.247417,0.9462,47-1-4-0
val,val/images/val_0004.jpg,,7,3,7/063094.jpg,front,0.507438,0.798058,0.157916,0.252514,0.9459,47-1-4-0
val,val/images/val_0004.jpg,,7007,0,7007/008453.jpg,front,0.843086,0.773918,0.144929,0.252185,0.9199,47-1-4-0
val,val/images/val_0005.jpg,,2970,1,2970/115873.jpg,front,0.141494,0.699384,0.111113,0.194182,0.936,47-1-5-2
val,val/images/val_0005.jpg,,2336,2,2336/176926.jpg,front,0.463833,0.693761,0.104252,0.176282,0.939,47-1-5-2
val,val/images/val_0005.jpg,,7,3,7/011904.jpg,front,0.812268,0.719283,0.099044,0.156585,0.9393,47-1-5-2
val,val/images/val_0006.jpg,,2970,1,2970/085698.jpg,front,0.104093,0.805686,0.116968,0.195591,0.903,47-1-6-0
val,val/images/val_0006.jpg,,7,3,7/091155.jpg,front,0.38233,0.780526,0.112428,0.18702,0.9176,47-1-6-0
val,val/images/val_0006.jpg,,2336,2,2336/173519.jpg,front,0.642949,0.761406,0.107971,0.192041,0.9269,47-1-6-0
val,val/images/val_0006.jpg,,4428,4,4428/154827.jpg,front,0.887704,0.798017,0.10748,0.204525,0.9356,47-1-6-0
val,val/images/val_0007.jpg,,7007,0,7007/061192.jpg,front,0.300643,0.658658,0.130259,0.223885,0.9301,47-1-7-1
val,val/images/val_0007.jpg,,4428,4,4428/154827.jpg,front,0.713033,0.681272,0.116616,0.209973,0.9274,47-1-7-1
val,val/images/val_0007.jpg,,2970,1,2970/115873.jpg,back,0.468417,0.41733,0.112451,0.209969,0.9398,47-1-7-1
val,val/images/val_0007.jpg,,7,3,7/063094.jpg,back,0.933973,0.412072,0.119067,0.192122,0.9361,47-1-7-1
val,val/images/val_0008.jpg,,7007,0,7007/061192.jpg,front,0.204985,0.632807,0.125409,0.217117,0.9241,47-1-8-0
val,val/images/val_0008.jpg,,7,3,7/063094.jpg,front,0.787736,0.652498,0.144028,0.230148,0.9431,47-1-8-0
val,val/images/val_0009.jpg,,7007,0,7007/061192.jpg,front,0.216492,0.621743,0.124001,0.211995,0.9225,47-1-9-0
val,val/images/val_0009.jpg,,2336,2,2336/173519.jpg,front,0.536619,0.614517,0.119524,0.210029,0.9383,47-1-9-0
val,val/images/val_0009.jpg,,4428,4,4428/154827.jpg,front,0.871122,0.619661,0.122359,0.231122,0.9421,47-1-9-0
val,val/images/val_0009.jpg,,7,3,7/063094.jpg,back,0.361066,0.447462,0.103652,0.159889,0.9394,47-1-9-0
val,val/images/val_0009.jpg,,2970,1,2970/066991.jpg,back,0.071269,0.430919,0.096258,0.171661,0.9383,47-1-9-0
val,val/images/val_0010.jpg,,4428,4,4428/154827.jpg,front,0.143617,0.700109,0.109048,0.202228,0.9363,47-1-10-0
val,val/images/val_0010.jpg,,2970,1,2970/066991.jpg,front,0.528435,0.689002,0.106398,0.197295,0.9412,47-1-10-0
val,val/images/val_0010.jpg,,2336,2,2336/170253.jpg,front,0.804898,0.68198,0.106883,0.205481,0.9146,47-1-10-0
val,val/images/val_0011.jpg,,7007,0,7007/161759.jpg,front,0.250007,0.827069,0.107607,0.182301,0.9182,47-1-11-0
val,val/images/val_0011.jpg,,2336,2,2336/172502.jpg,front,0.765373,0.760621,0.117946,0.214606,0.9288,47-1-11-0
val,val/images/val_0011.jpg,,4428,4,4428/154827.jpg,back,0.098245,0.573731,0.094465,0.184697,0.945,47-1-11-0
val,val/images/val_0011.jpg,,2970,1,2970/085698.jpg,back,0.902073,0.573323,0.105201,0.180375,0.9035,47-1-11-0
val,val/images/val_0012.jpg,,2336,2,2336/173519.jpg,front,0.236291,0.702335,0.114286,0.206176,0.9358,47-1-12-0
val,val/images/val_0012.jpg,,7,3,7/130335.jpg,front,0.823841,0.718744,0.126333,0.218002,0.9431,47-1-12-0
val,val/images/val_0013.jpg,,7007,0,7007/061192.jpg,front,0.214906,0.79564,0.102423,0.172693,0.9157,47-1-13-0
val,val/images/val_0013.jpg,,2970,1,2970/066991.jpg,front,0.522641,0.781163,0.11393,0.210412,0.932,47-1-13-0
val,val/images/val_0013.jpg,,7,3,7/011904.jpg,front,0.812461,0.796872,0.134287,0.213305,0.9379,47-1-13-0
val,val/images/val_0014.jpg,,2336,2,2336/176926.jpg,front,0.303144,0.747937,0.135351,0.244945,0.9487,47-1-14-0
val,val/images/val_0014.jpg,,7007,0,7007/157709.jpg,front,0.762502,0.740909,0.122729,0.200234,0.9409,47-1-14-0
val,val/images/val_0015.jpg,,2336,2,2336/176926.jpg,front,0.179953,0.793371,0.121638,0.207634,0.9372,47-1-15-1
val,val/images/val_0015.jpg,,2970,1,2970/115873.jpg,front,0.512677,0.839224,0.108195,0.201015,0.9257,47-1-15-1
val,val/images/val_0015.jpg,,7,3,7/130335.jpg,front,0.88539,0.769341,0.124925,0.226968,0.9445,47-1-15-1
val,val/images/val_0016.jpg,,7007,0,7007/008453.jpg,front,0.199717,0.812121,0.135629,0.248651,0.9193,47-1-16-0
val,val/images/val_0016.jpg,,4428,4,4428/154827.jpg,front,0.526813,0.786647,0.141059,0.260201,0.946,47-1-16-0
val,val/images/val_0016.jpg,,7,3,7/130335.jpg,front,0.883989,0.804835,0.149021,0.267199,0.943,47-1-16-0
val,val/images/val_0017.jpg,,7,3,7/130335.jpg,front,0.318029,0.749525,0.105286,0.189667,0.9218,47-1-17-0
val,val/images/val_0017.jpg,,2970,1,2970/085698.jpg,front,0.788157,0.775186,0.102443,0.182387,0.9059,47-1-17-0
val,val/images/val_0018.jpg,,2336,2,2336/172502.jpg,front,0.127757,0.698937,0.084931,0.150153,0.9373,47-1-18-1
val,val/images/val_0018.jpg,,7,3,7/091155.jpg,front,0.523888,0.686876,0.093454,0.154374,0.9293,47-1-18-1
val,val/images/val_0018.jpg,,2970,1,2970/014435.jpg,front,0.85392,0.703008,0.095135,0.164055,0.9381,47-1-18-1
val,val/images/val_0019.jpg,,2970,1,2970/014435.jpg,front,0.21125,0.672482,0.15136,0.269199,0.9494,47-1-19-0
val,val/images/val_0019.jpg,,2336,2,2336/170253.jpg,front,0.713095,0.644868,0.122359,0.243946,0.9376,47-1-19-0
val,val/images/val_0019.jpg,,7007,0,7007/157709.jpg,back,0.423673,0.429173,0.10482,0.178212,0.9347,47-1-19-0
val,val/images/val_0019.jpg,,7,3,7/011904.jpg,back,0.915059,0.429607,0.115969,0.17727,0.9283,47-1-19-0
val,val/images/val_0020.jpg,,2970,1,2970/085698.jpg,front,0.119631,0.772089,0.13136,0.236174,0.9258,47-1-20-0
val,val/images/val_0020.jpg,,7,3,7/011904.jpg,front,0.393704,0.755853,0.138782,0.227861,0.9403,47-1-20-0
val,val/images/val_0020.jpg,,2336,2,2336/170253.jpg,front,0.643304,0.790326,0.116788,0.22204,0.9244,47-1-20-0
val,val/images/val_0020.jpg,,4428,4,4428/127112.jpg,front,0.891167,0.798934,0.129524,0.228575,0.9301,47-1-20-0
val,val/images/val_0021.jpg,,2336,2,2336/176926.jpg,front,0.27509,0.696058,0.107886,0.183186,0.9405,47-1-21-0
val,val/images/val_0021.jpg,,2970,1,2970/085698.jpg,front,0.769221,0.694102,0.100314,0.172989,0.9152,47-1-21-0
val,val/images/val_0022.jpg,,4428,4,4428/127112.jpg,front,0.279944,0.726717,0.12983,0.24257,0.9403,47-1-22-0
val,val/images/val_0022.jpg,,2970,1,2970/066991.jpg,front,0.75433,0.74384,0.124441,0.225155,0.9453,47-1-22-0
val,val/images/val_0022.jpg,,2336,2,2336/176926.jpg,back,0.480633,0.485781,0.116556,0.198942,0.9349,47-1-22-0
val,val/images/val_0022.jpg,,7007,0,7007/008453.jpg,back,0.094305,0.484484,0.097504,0.17333,0.9103,47-1-22-0
val,val/images/val_0023.jpg,,2970,1,2970/115873.jpg,front,0.186683,0.829467,0.135538,0.252279,0.953,47-1-23-0
val,val/images/val_0023.jpg,,7,3,7/130335.jpg,front,0.497171,0.828549,0.137815,0.24874,0.9465,47-1-23-0
val,val/images/val_0023.jpg,,4428,4,4428/154827.jpg,front,0.838112,0.866486,0.129872,0.239899,0.9432,47-1-23-0
val,val/images/val_0024.jpg,,2970,1,2970/115873.jpg,front,0.141346,0.744847,0.084799,0.156076,0.9431,47-1-24-0
val,val/images/val_0024.jpg,,7007,0,7007/161759.jpg,front,0.4955,0.764184,0.079195,0.133679,0.917,47-1-24-0
val,val/images/val_0024.jpg,,7,3,7/011904.jpg,front,0.835258,0.724395,0.093337,0.150513,0.9363,47-1-24-0
val,val/images/val_0025.jpg,,7,3,7/091155.jpg,front,0.22861,0.720129,0.088585,0.147512,0.9359,47-1-25-3
val,val/images/val_0025.jpg,,4428,4,4428/127112.jpg,front,0.749002,0.712224,0.081189,0.143502,0.9396,47-1-25-3
val,val/images/val_0025.jpg,,2970,1,2970/066991.jpg,back,0.059278,0.583358,0.069211,0.122915,0.9291,47-1-25-3
val,val/images/val_0025.jpg,,2336,2,2336/170253.jpg,back,0.930198,0.576111,0.068495,0.128634,0.9217,47-1-25-3
val,val/images/val_0026.jpg,,2970,1,2970/115873.jpg,front,0.288547,0.638008,0.107878,0.191615,0.9377,47-1-26-0
val,val/images/val_0026.jpg,,4428,4,4428/107763.jpg,front,0.79327,0.66474,0.107376,0.198296,0.924,47-1-26-0
val,val/images/val_0027.jpg,,2970,1,2970/014435.jpg,front,0.310803,0.762885,0.143761,0.253028,0.9486,47-1-27-1
val,val/images/val_0027.jpg,,2336,2,2336/172502.jpg,front,0.741483,0.765331,0.127559,0.232106,0.9457,47-1-27-1
val,val/images/val_0028.jpg,,2336,2,2336/176926.jpg,front,0.158534,0.792501,0.085689,0.147257,0.9348,47-1-28-0
val,val/images/val_0028.jpg,,7007,0,7007/161759.jpg,front,0.542956,0.770492,0.090361,0.146398,0.9265,47-1-28-0
val,val/images/val_0028.jpg,,4428,4,4428/154827.jpg,front,0.868041,0.740971,0.092945,0.166786,0.94,47-1-28-0
val,val/images/val_0029.jpg,,2970,1,2970/115873.jpg,front,0.138098,0.663871,0.094833,0.175666,0.9367,47-1-29-1
val,val/images/val_0029.jpg,,7,3,7/063094.jpg,front,0.516379,0.632168,0.106864,0.170924,0.9301,47-1-29-1
val,val/images/val_0029.jpg,,4428,4,4428/127112.jpg,front,0.81387,0.611416,0.109154,0.195407,0.9377,47-1-29-1
val,val/images/val_0030.jpg,,7,3,7/063094.jpg,front,0.154007,0.716132,0.111969,0.179018,0.9254,47-1-30-0
val,val/images/val_0030.jpg,,4428,4,4428/107763.jpg,front,0.393938,0.734066,0.097336,0.180073,0.9361,47-1-30-0
val,val/images/val_0030.jpg,,7007,0,7007/008453.jpg,front,0.647402,0.710186,0.102894,0.174358,0.9201,47-1-30-0
val,val/images/val_0030.jpg,,2336,2,2336/170253.jpg,front,0.869937,0.756603,0.097591,0.185546,0.9217,47-1-30-0
val,val/images/val_0031.jpg,,7,3,7/091155.jpg,front,0.11465,0.786107,0.1533,0.25505,0.9366,47-1-31-0
val,val/images/val_0031.jpg,,2336,2,2336/176926.jpg,front,0.475364,0.773176,0.161922,0.290731,0.9429,47-1-31-0
val,val/images/val_0031.jpg,,2970,1,2970/066991.jpg,front,0.822161,0.803658,0.138739,0.262402,0.9503,47-1-31-0
val,val/images/val_0031.jpg,,4428,4,4428/154827.jpg,back,0.285303,0.474241,0.117387,0.221482,0.9337,47-1-31-0
val,val/images/val_0031.jpg,,7007,0,7007/157709.jpg,back,0.912408,0.491828,0.113413,0.190868,0.9409,47-1-31-0
val,val/images/val_0032.jpg,,7007,0,7007/161759.jpg,front,0.195171,0.776194,0.10074,0.164608,0.921,47-1-32-0
val,val/images/val_0032.jpg,,2970,1,2970/066991.jpg,front,0.471442,0.798285,0.102426,0.201582,0.9283,47-1-32-0
val,val/images/val_0032.jpg,,2336,2,2336/172502.jpg,front,0.867069,0.804766,0.101623,0.19078,0.9267,47-1-32-0
val,val/images/val_0033.jpg,,2970,1,2970/115873.jpg,front,0.171781,0.783204,0.096724,0.178007,0.9444,47-1-33-0
val,val/images/val_0033.jpg,,7007,0,7007/157709.jpg,front,0.499181,0.759346,0.092316,0.150966,0.9383,47-1-33-0
val,val/images/val_0033.jpg,,7,3,7/091155.jpg,front,0.796724,0.808791,0.089782,0.149486,0.9224,47-1-33-0
val,val/images/val_0034.jpg,,7,3,7/063094.jpg,front,0.172608,0.785423,0.147145,0.231901,0.9492,47-1-34-0
val,val/images/val_0034.jpg,,2970,1,2970/014435.jpg,front,0.536329,0.811801,0.133098,0.229004,0.94,47-1-34-0
val,val/images/val_0034.jpg,,4428,4,4428/107763.jpg,front,0.802085,0.777141,0.131403,0.248119,0.9462,47-1-34-0
val,val/images/val_0035.jpg,,7007,0,7007/157709.jpg,front,0.234985,0.85587,0.127933,0.214098,0.9409,47-1-35-0
val,val/images/val_0035.jpg,,4428,4,4428/127112.jpg,front,0.706798,0.820935,0.134635,0.246457,0.9485,47-1-35-0
test,test/images/test_0000.jpg,,2336,2,2336/175969.jpg,front,0.136461,0.819929,0.119466,0.227037,0.9418,47-2-0-0
test,test/images/test_0000.jpg,,7,3,7/036895.jpg,front,0.508067,0.858136,0.135575,0.227753,0.9466,47-2-0-0
test,test/images/test_0000.jpg,,4428,4,4428/072601.jpg,front,0.80691,0.829396,0.131729,0.248852,0.9446,47-2-0-0
test,test/images/test_0001.jpg,,2970,1,2970/126467.jpg,front,0.13208,0.655595,0.11038,0.185577,0.9429,47-2-1-1
test,test/images/test_0001.jpg,,2336,2,2336/176863.jpg,front,0.480863,0.619314,0.105569,0.191974,0.9198,47-2-1-1
test,test/images/test_0001.jpg,,7,3,7/090940.jpg,front,0.85422,0.631752,0.102836,0.177678,0.9372,47-2-1-1
test,test/images/test_0002.jpg,,7007,0,7007/150463.jpg,front,0.20157,0.700082,0.122607,0.216193,0.9203,47-2-2-2
test,test/images/test_0002.jpg,,2336,2,2336/176863.jpg,front,0.79537,0.703871,0.128074,0.232231,0.9422,47-2-2-2
test,test/images/test_0003.jpg,,7007,0,7007/128347.jpg,front,0.163673,0.772159,0.118106,0.218901,0.9344,47-2-3-0
test,test/images/test_0003.jpg,,2336,2,2336/164485.jpg,front,0.535415,0.822105,0.096266,0.176019,0.9255,47-2-3-0
test,test/images/test_0003.jpg,,7,3,7/036895.jpg,front,0.846753,0.81974,0.114117,0.19491,0.931,47-2-3-0
test,test/images/test_0004.jpg,,7007,0,7007/150463.jpg,front,0.148679,0.803309,0.103575,0.182753,0.9061,47-2-4-0
test,test/images/test_0004.jpg,,4428,4,4428/072601.jpg,front,0.369547,0.843049,0.104435,0.196917,0.9461,47-2-4-0
test,test/images/test_0004.jpg,,7,3,7/036895.jpg,front,0.598508,0.808359,0.10365,0.171873,0.9326,47-2-4-0
test,test/images/test_0004.jpg,,2970,1,2970/018364.jpg,front,0.872928,0.827869,0.084688,0.155139,0.9286,47-2-4-0
test,test/images/test_0005.jpg,,2970,1,2970/018364.jpg,front,0.099891,0.696026,0.081949,0.154865,0.9219,47-2-5-0
test,test/images/test_0005.jpg,,2336,2,2336/164485.jpg,front,0.309119,0.692554,0.084116,0.160266,0.9315,47-2-5-0
test,test/images/test_0005.jpg,,7007,0,7007/004680.jpg,front,0.51622,0.713526,0.088086,0.143457,0.9396,47-2-5-0
test,test/images/test_0005.jpg,,4428,4,4428/072601.jpg,front,0.72251,0.71696,0.099249,0.178352,0.9391,47-2-5-0
test,test/images/test_0005.jpg,,7,3,7/036895.jpg,front,0.880705,0.71839,0.104863,0.175224,0.9374,47-2-5-0
test,test/images/test_0006.jpg,,2970,1,2970/126467.jpg,front,0.209495,0.692939,0.099588,0.176183,0.934,47-2-6-0
test,test/images/test_0006.jpg,,7,3,7/090940.jpg,front,0.787956,0.692111,0.093725,0.165487,0.9348,47-2-6-0
test,test/images/test_0007.jpg,,2970,1,2970/112624.jpg,front,0.136007,0.748786,0.107048,0.188101,0.9263,47-2-7-0
test,test/images/test_0007.jpg,,2336,2,2336/176863.jpg,front,0.488486,0.719749,0.09336,0.177355,0.9272,47-2-7-0
test,test/images/test_0007.jpg,,4428,4,4428/092565.jpg,front,0.823965,0.716717,0.094523,0.179926,0.9307,47-2-7-0
test,test/images/test_0008.jpg,,2970,1,2970/136196.jpg,front,0.070775,0.618899,0.099953,0.180511,0.9214,47-2-8-1
test,test/images/test_0008.jpg,,2336,2,2336/176863.jpg,front,0.291269,0.629051,0.099945,0.190725,0.9297,47-2-8-1
test,test/images/test_0008.jpg,,4428,4,4428/072601.jpg,front,0.519779,0.652032,0.117912,0.209389,0.9274,47-2-8-1
test,test/images/test_0008.jpg,,7,3,7/036895.jpg,front,0.712492,0.657453,0.114265,0.184282,0.9379,47-2-8-1
test,test/images/test_0008.jpg,,7007,0,7007/004680.jpg,front,0.912367,0.65396,0.098801,0.1566,0.9404,47-2-8-1
test,test/images/test_0009.jpg,,7007,0,7007/150463.jpg,front,0.193431,0.708788,0.104367,0.176326,0.9067,47-2-9-0
test,test/images/test_0009.jpg,,4428,4,4428/012582.jpg,front,0.475342,0.702605,0.122966,0.21616,0.9342,47-2-9-0
test,test/images/test_0009.jpg,,2970,1,2970/136196.jpg,front,0.836932,0.75467,0.103665,0.185132,0.9137,47-2-9-0
test,test/images/test_0009.jpg,,2336,2,2336/164485.jpg,back,0.643601,0.534456,0.089723,0.168597,0.9385,47-2-9-0
test,test/images/test_0009.jpg,,7,3,7/090940.jpg,back,0.946348,0.532888,0.099827,0.169558,0.9321,47-2-9-0
test,test/images/test_0010.jpg,,4428,4,4428/012582.jpg,front,0.24589,0.8104,0.200022,0.340441,0.947,47-2-10-2
test,test/images/test_0010.jpg,,7007,0,7007/128347.jpg,front,0.731439,0.80289,0.187551,0.354306,0.9386,47-2-10-2
test,test/images/test_0011.jpg,,2336,2,2336/164485.jpg,front,0.204748,0.843166,0.123509,0.250554,0.9398,47-2-11-1
test,test/images/test_0011.jpg,,2970,1,2970/018364.jpg,front,0.758686,0.816502,0.124123,0.232793,0.9396,47-2-11-1
test,test/images/test_0012.jpg,,7007,0,7007/128347.jpg,front,0.145035,0.765199,0.138761,0.267569,0.9429,47-2-12-0
test,test/images/test_0012.jpg,,2336,2,2336/176863.jpg,front,0.486136,0.778945,0.112936,0.208012,0.9359,47-2-12-0
test,test/images/test_0012.jpg,,4428,4,4428/092565.jpg,front,0.843327,0.815907,0.118084,0.208114,0.9362,47-2-12-0
test,test/images/test_0013.jpg,,2970,1,2970/126467.jpg,front,0.264168,0.66062,0.098988,0.17205,0.9349,47-2-13-0
test,test/images/test_0013.jpg,,7,3,7/036895.jpg,front,0.755678,0.649707,0.110595,0.17985,0.9332,47-2-13-0
test,test/images/test_0013.jpg,,4428,4,4428/072601.jpg,back,0.524396,0.472259,0.08838,0.16319,0.9491,47-2-13-0
test,test/images/test_0013.jpg,,7007,0,7007/004680.jpg,back,0.046229,0.469652,0.083267,0.136527,0.9343,47-2-13-0
test,test/images/test_0014.jpg,,2336,2,2336/167141.jpg,front,0.136897,0.801128,0.111895,0.20267,0.9207,47-2-14-0
test,test/images/test_0014.jpg,,7,3,7/090940.jpg,front,0.501064,0.798132,0.123351,0.208751,0.919,47-2-14-0
test,test/images/test_0014.jpg,,7007,0,7007/004680.jpg,front,0.857936,0.774144,0.103898,0.17303,0.9257,47-2-14-0
test,test/images/test_0015.jpg,,7,3,7/115977.jpg,front,0.316045,0.643586,0.116154,0.204645,0.9294,47-2-15-0
test,test/images/test_0015.jpg,,4428,4,4428/012582.jpg,front,0.798707,0.658876,0.118485,0.220639,0.9333,47-2-15-0
test,test/images/test_0016.jpg,,7,3,7/090940.jpg,front,0.135981,0.761789,0.150618,0.253267,0.9291,47-2-16-0
test,test/images/test_0016.jpg,,2970,1,2970/136196.jpg,front,0.48726,0.764024,0.139392,0.2555,0.9407,47-2-16-0
test,test/images/test_0016.jpg,,2336,2,2336/176863.jpg,front,0.822432,0.744503,0.159351,0.2962,0.94,47-2-16-0
test,test/images/test_0017.jpg,,2970,1,2970/136196.jpg,front,0.142333,0.645328,0.143325,0.252008,0.9418,47-2-17-0
test,test/images/test_0017.jpg,,7,3,7/115977.jpg,front,0.521457,0.661124,0.145495,0.265434,0.9345,47-2-17-0
test,test/images/test_0017.jpg,,4428,4,4428/072601.jpg,front,0.858217,0.668321,0.137714,0.251434,0.9486,47-2-17-0
test,test/images/test_0017.jpg,,7007,0,7007/150463.jpg,back,0.352192,0.439334,0.110984,0.199889,0.9103,47-2-17-0
test,test/images/test_0017.jpg,,2336,2,2336/167141.jpg,back,0.674672,0.433496,0.118996,0.215711,0.9275,47-2-17-0
test,test/images/test_0018.jpg,,2970,1,2970/126467.jpg,front,0.126076,0.674866,0.119193,0.206748,0.9473,47-2-18-1
test,test/images/test_0018.jpg,,7007,0,7007/150463.jpg,front,0.487073,0.675723,0.111735,0.203878,0.9167,47-2-18-1
test,test/images/test_0018.jpg,,2336,2,2336/164485.jpg,front,0.809686,0.678862,0.107707,0.202878,0.9295,47-2-18-1
test,test/images/test_0019.jpg,,7007,0,7007/128347.jpg,front,0.121408,0.789025,0.099013,0.192207,0.9295,47-2-19-0
test,test/images/test_0019.jpg,,2970,1,2970/018364.jpg,front,0.51253,0.81911,0.073771,0.131587,0.9243,47-2-19-0
test,test/images/test_0019.jpg,,2336,2,2336/167141.jpg,front,0.818229,0.802448,0.096814,0.169354,0.9241,47-2-19-0
test,test/images/test_0020.jpg,,7007,0,7007/150463.jpg,front,0.077014,0.756485,0.097292,0.165391,0.9091,47-2-20-0
test,test/images/test_0020.jpg,,2970,1,2970/126467.jpg,front,0.311458,0.761932,0.102015,0.182758,0.9368,47-2-20-0
test,test/images/test_0020.jpg,,7,3,7/090940.jpg,front,0.480839,0.751821,0.104473,0.172627,0.933,47-2-20-0
test,test/images/test_0020.jpg,,4428,4,4428/092565.jpg,front,0.71244,0.730706,0.109314,0.18879,0.9084,47-2-20-0
test,test/images/test_0020.jpg,,2336,2,2336/164485.jpg,front,0.917327,0.766054,0.101379,0.181861,0.9292,47-2-20-0
test,test/images/test_0021.jpg,,2970,1,2970/112624.jpg,front,0.213353,0.816432,0.09106,0.169822,0.94,47-2-21-1
test,test/images/test_0021.jpg,,2336,2,2336/164485.jpg,front,0.75081,0.81121,0.087997,0.167346,0.9298,47-2-21-1
test,test/images/test_0021.jpg,,4428,4,4428/092565.jpg,back,0.45612,0.604946,0.077165,0.140932,0.922,47-2-21-1
test,test/images/test_0021.jpg,,7,3,7/090940.jpg,back,0.908133,0.604238,0.089705,0.148596,0.9389,47-2-21-1
test,test/images/test_0022.jpg,,2336,2,2336/164485.jpg,front,0.14836,0.756067,0.092566,0.172947,0.9442,47-2-22-0
test,test/images/test_0022.jpg,,7007,0,7007/004680.jpg,front,0.45493,0.71882,0.098198,0.166628,0.9328,47-2-22-0
test,test/images/test_0022.jpg,,7,3,7/090940.jpg,front,0.827161,0.747184,0.113043,0.187337,0.9267,47-2-22-0
test,test/images/test_0023.jpg,,4428,4,4428/072601.jpg,front,0.104742,0.800882,0.086045,0.152987,0.9425,47-2-23-0
test,test/images/test_0023.jpg,,2970,1,2970/136196.jpg,front,0.372891,0.808711,0.085688,0.149894,0.9302,47-2-23-0
test,test/images/test_0023.jpg,,2336,2,2336/164485.jpg,front,0.644543,0.78204,0.082779,0.16439,0.9407,47-2-23-0
test,test/images/test_0023.jpg,,7007,0,7007/004680.jpg,front,0.858899,0.825292,0.086314,0.148603,0.9274,47-2-23-0
test,test/images/test_0024.jpg,,2970,1,2970/126467.jpg,front,0.18704,0.769975,0.152616,0.257351,0.9457,47-2-24-1
test,test/images/test_0024.jpg,,2336,2,2336/175969.jpg,front,0.799069,0.742727,0.130986,0.260789,0.9482,47-2-24-1
test,test/images/test_0025.jpg,,7,3,7/036895.jpg,front,0.283622,0.789374,0.107118,0.18056,0.9398,47-2-25-0
test,test/images/test_0025.jpg,,2970,1,2970/112624.jpg,front,0.691959,0.783248,0.111182,0.19695,0.9364,47-2-25-0
test,test/images/test_0025.jpg,,2336,2,2336/176863.jpg,back,0.079458,0.617303,0.081104,0.151044,0.9208,47-2-25-0
test,test/images/test_0025.jpg,,7007,0,7007/150463.jpg,back,0.935054,0.618023,0.084101,0.142405,0.9153,47-2-25-0
test,test/images/test_0026.jpg,,2970,1,2970/136196.jpg,front,0.212068,0.806551,0.159143,0.275551,0.941,47-2-26-0
test,test/images/test_0026.jpg,,7,3,7/090940.jpg,front,0.694059,0.809772,0.169162,0.306195,0.9306,47-2-26-0
test,test/images/test_0027.jpg,,7007,0,7007/004680.jpg,front,0.20042,0.658372,0.101301,0.164637,0.9425,47-2-27-0
test,test/images/test_0027.jpg,,7,3,7/115977.jpg,front,0.480354,0.66456,0.113026,0.209671,0.9246,47-2-27-0
test,test/images/test_0027.jpg,,2970,1,2970/136196.jpg,front,0.833316,0.62372,0.115366,0.210148,0.938,47-2-27-0
test,test/images/test_0028.jpg,,7007,0,7007/128347.jpg,front,0.266374,0.74793,0.170301,0.322118,0.938,47-2-28-0
test,test/images/test_0028.jpg,,4428,4,4428/012582.jpg,front,0.757948,0.723718,0.195174,0.333805,0.945,47-2-28-0
test,test/images/test_0029.jpg,,2336,2,2336/175969.jpg,front,0.18428,0.706996,0.091277,0.171598,0.9354,47-2-29-2
test,test/images/test_0029.jpg,,7007,0,7007/128347.jpg,front,0.451738,0.721355,0.101475,0.175498,0.9287,47-2-29-2
test,test/images/test_0029.jpg,,4428,4,4428/092565.jpg,front,0.840429,0.707969,0.103829,0.188126,0.9183,47-2-29-2
test,test/images/test_0030.jpg,,2970,1,2970/126467.jpg,front,0.225155,0.757389,0.167381,0.300518,0.9419,47-2-30-0
test,test/images/test_0030.jpg,,2336,2,2336/167141.jpg,front,0.788163,0.764458,0.147503,0.271214,0.939,47-2-30-0
test,test/images/test_0031.jpg,,2970,1,2970/112624.jpg,front,0.214226,0.809756,0.147028,0.256422,0.9458,47-2-31-0
test,test/images/test_0031.jpg,,4428,4,4428/072601.jpg,front,0.738083,0.799886,0.129738,0.230557,0.941,47-2-31-0
test,test/images/test_0031.jpg,,2336,2,2336/175969.jpg,back,0.495423,0.53624,0.107168,0.199905,0.9312,47-2-31-0
test,test/images/test_0031.jpg,,7007,0,7007/004680.jpg,back,0.071889,0.530022,0.112598,0.180192,0.9365,47-2-31-0
test,test/images/test_0032.jpg,,7007,0,7007/128347.jpg,front,0.183069,0.660045,0.118241,0.219364,0.9279,47-2-32-1
test,test/images/test_0032.jpg,,7,3,7/036895.jpg,front,0.470135,0.656977,0.11627,0.202909,0.9343,47-2-32-1
test,test/images/test_0032.jpg,,4428,4,4428/092565.jpg,front,0.845285,0.669171,0.109706,0.200345,0.9132,47-2-32-1
test,test/images/test_0033.jpg,,4428,4,4428/012582.jpg,front,0.15326,0.79302,0.108211,0.186106,0.9378,47-2-33-0
test,test/images/test_0033.jpg,,7,3,7/036895.jpg,front,0.47199,0.795166,0.106546,0.175667,0.9441,47-2-33-0
test,test/images/test_0033.jpg,,7007,0,7007/150463.jpg,front,0.847655,0.807537,0.086875,0.15399,0.9126,47-2-33-0
test,test/images/test_0034.jpg,,7007,0,7007/150463.jpg,front,0.199266,0.645538,0.109751,0.192537,0.9145,47-2-34-0
test,test/images/test_0034.jpg,,7,3,7/115977.jpg,front,0.804388,0.675696,0.13185,0.240242,0.9417,47-2-34-0
test,test/images/test_0035.jpg,,7,3,7/036895.jpg,front,0.197089,0.789242,0.109994,0.185092,0.952,47-2-35-1
test,test/images/test_0035.jpg,,2970,1,2970/136196.jpg,front,0.781509,0.815258,0.092287,0.162347,0.9281,47-2-35-1
